team,year,week,home_or_away,team_num,game_id,opponent,date,time,wl,pf,pa,overall_performance,offense,pass,pass_blocking,receiving,rushing,run_blocking,defense,rush_defense,tackling,pass_rush,coverage,special_teams,dateInt,Date,output
arizona-cardinals,2022,1,,1,23109,Kansas City Chiefs,09/11,4:25pm,L,21,44,50.3,61.2,56.2,57.4,64.8,67.7,53.5,39.6,47.0,59.6,59.0,36.8,59.5,2022/09/11,2022-09-11,NaT
arizona-cardinals,2022,2,@,1,23125,Las Vegas Raiders,09/18,4:25pm,W,29,23,67.9,71.1,73.9,79.4,59.8,87.4,57.0,56.5,65.5,58.9,64.3,48.7,73.6,2022/09/18,2022-09-18,7
arizona-cardinals,2022,3,,1,23144,Los Angeles Rams,09/25,4:25pm,L,12,20,56.8,63.4,62.6,73.1,61.4,72.1,45.7,41.1,58.0,65.7,55.2,30.2,65.3,2022/09/25,2022-09-25,7
arizona-cardinals,2022,4,@,1,23157,Carolina Panthers,10/02,4:05pm,W,26,16,69.4,67.8,57.0,62.6,67.5,69.8,69.1,65.6,75.3,54.5,61.2,59.6,61.7,2022/10/02,2022-10-02,7
arizona-cardinals,2022,5,,1,23173,Philadelphia Eagles,10/09,4:25pm,L,17,20,68.1,68.5,61.4,44.4,74.1,70.1,58.9,61.9,53.9,67.4,60.0,65.2,83.9,2022/10/09,2022-10-09,7
arizona-cardinals,2022,6,@,1,23184,Seattle Seahawks,10/16,4:05pm,L,9,19,57.2,56.2,52.7,65.5,58.1,73.1,39.9,58.5,39.6,30.2,59.4,72.0,81.3,2022/10/16,2022-10-16,7
arizona-cardinals,2022,7,,1,23189,New Orleans Saints,10/20,8:15pm,W,42,34,72.5,64.9,73.1,77.3,61.1,77.0,41.8,74.1,67.1,38.6,68.0,71.6,72.8,2022/10/20,2022-10-20,4
atlanta-falcons,2022,1,,2,23107,New Orleans Saints,09/11,1:00pm,L,26,27,66.1,65.2,59.8,78.3,63.7,63.3,62.3,59.0,56.6,63.4,58.0,62.4,65.8,2022/09/11,2022-09-11,NaT
atlanta-falcons,2022,2,@,2,23122,Los Angeles Rams,09/18,4:05pm,L,27,31,67.0,61.3,61.3,40.4,70.3,65.1,46.1,69.9,64.1,64.6,63.3,71.3,76.4,2022/09/18,2022-09-18,7
atlanta-falcons,2022,3,@,2,23142,Seattle Seahawks,09/25,4:25pm,W,27,23,82.2,86.0,66.7,66.6,84.1,76.5,83.0,69.8,68.2,54.6,60.2,68.8,57.7,2022/09/25,2022-09-25,7
atlanta-falcons,2022,4,,2,23150,Cleveland Browns,10/02,1:00pm,W,23,20,76.2,84.9,49.1,69.5,70.7,81.2,90.2,58.3,37.6,46.0,54.9,79.9,72.8,2022/10/02,2022-10-02,7
atlanta-falcons,2022,5,@,2,23166,Tampa Bay Buccaneers,10/09,1:00pm,L,15,21,65.6,69.3,65.9,59.7,65.5,73.6,63.9,57.2,65.2,51.5,55.5,53.4,74.3,2022/10/09,2022-10-09,7
atlanta-falcons,2022,6,,2,23177,San Francisco 49ers,10/16,1:00pm,W,28,14,68.8,74.7,74.6,54.1,73.9,73.3,63.5,54.6,83.2,52.2,62.8,41.6,75.4,2022/10/16,2022-10-16,7
atlanta-falcons,2022,7,@,2,23193,Cincinnati Bengals,10/23,1:00pm,L,17,35,61.9,65.3,68.6,67.2,70.7,54.5,59.9,53.8,60.1,77.7,60.3,50.4,67.7,2022/10/23,2022-10-23,7
baltimore-ravens,2022,1,@,3,23106,New York Jets,09/11,1:00pm,W,24,9,69.3,65.1,72.1,71.6,62.8,57.1,57.4,68.3,42.9,51.7,78.3,65.6,57.9,2022/09/11,2022-09-11,NaT
baltimore-ravens,2022,2,,3,23118,Miami Dolphins,09/18,1:00pm,L,38,42,70.5,71.9,68.8,69.0,78.1,53.0,57.7,57.9,64.4,39.5,71.3,47.8,72.7,2022/09/18,2022-09-18,7
baltimore-ravens,2022,3,@,3,23138,New England Patriots,09/25,1:00pm,W,37,26,82.8,77.6,74.5,58.2,72.5,78.6,69.8,75.9,59.1,46.6,61.8,83.2,78.1,2022/09/25,2022-09-25,7
baltimore-ravens,2022,4,,3,23149,Buffalo Bills,10/02,1:00pm,L,20,23,55.6,55.5,48.4,65.2,52.4,72.8,57.8,54.1,64.4,66.2,58.3,48.7,64.4,2022/10/02,2022-10-02,7
baltimore-ravens,2022,5,,3,23174,Cincinnati Bengals,10/09,8:20pm,W,19,17,78.4,76.5,60.1,87.5,65.9,69.5,81.1,68.5,74.2,59.7,67.2,62.8,61.8,2022/10/09,2022-10-09,7
baltimore-ravens,2022,6,@,3,23182,New York Giants,10/16,1:00pm,L,20,24,64.2,71.5,53.6,65.0,71.0,79.0,74.3,56.7,55.7,78.3,63.0,54.6,47.5,2022/10/16,2022-10-16,7
baltimore-ravens,2022,7,,3,23190,Cleveland Browns,10/23,1:00pm,W,23,20,77.1,71.0,69.0,82.3,63.9,69.4,63.5,70.3,53.8,48.6,75.3,69.4,85.2,2022/10/23,2022-10-23,7
buffalo-bills,2022,1,@,4,23098,Los Angeles Rams,09/08,8:20pm,W,31,10,80.2,72.8,90.3,56.2,71.9,52.1,61.7,77.7,60.3,68.6,87.5,68.9,73.7,2022/09/08,2022-09-08,NaT
buffalo-bills,2022,2,,4,23129,Tennessee Titans,09/19,7:15pm,W,41,7,73.7,69.3,69.6,63.5,75.4,71.6,42.6,72.3,45.7,72.6,84.3,86.2,51.4,2022/09/19,2022-09-19,11
buffalo-bills,2022,3,@,4,23133,Miami Dolphins,09/25,1:00pm,L,19,21,60.7,61.2,47.0,53.8,70.8,84.5,31.6,61.1,72.1,70.9,87.7,44.8,65.8,2022/09/25,2022-09-25,6
buffalo-bills,2022,4,@,4,23149,Baltimore Ravens,10/02,1:00pm,W,23,20,68.2,66.8,79.9,73.0,56.2,59.4,70.4,64.4,64.6,48.7,58.6,62.6,65.7,2022/10/02,2022-10-02,7
buffalo-bills,2022,5,,4,23169,Pittsburgh Steelers,10/09,1:00pm,W,38,3,82.8,82.3,73.9,79.5,77.9,86.7,60.6,73.1,67.7,64.7,71.9,70.3,73.8,2022/10/09,2022-10-09,7
buffalo-bills,2022,6,@,4,23186,Kansas City Chiefs,10/16,4:25pm,W,24,20,76.2,80.6,86.3,49.7,76.5,79.0,63.5,65.0,66.5,42.1,73.7,56.0,48.1,2022/10/16,2022-10-16,7
carolina-panthers,2022,1,,5,23101,Cleveland Browns,09/11,1:00pm,L,24,26,57.5,58.9,53.8,44.9,63.6,61.6,58.2,53.5,41.8,30.2,61.0,64.0,74.0,2022/09/11,2022-09-11,NaT
carolina-panthers,2022,2,@,5,23120,New York Giants,09/18,1:00pm,L,16,19,70.9,60.9,48.6,73.4,51.2,75.9,72.7,76.0,81.6,75.7,66.1,68.7,71.3,2022/09/18,2022-09-18,7
carolina-panthers,2022,3,,5,23139,New Orleans Saints,09/25,1:00pm,W,22,14,64.6,61.6,45.9,67.0,61.3,81.4,51.9,62.5,75.8,68.1,59.5,54.0,68.4,2022/09/25,2022-09-25,7
carolina-panthers,2022,4,,5,23157,Arizona Cardinals,10/02,4:05pm,L,16,26,66.1,63.1,63.7,77.4,58.6,57.7,58.0,67.2,56.9,66.0,71.1,67.9,70.5,2022/10/02,2022-10-02,7
carolina-panthers,2022,5,,5,23171,San Francisco 49ers,10/09,4:05pm,L,15,37,67.6,68.0,67.8,68.0,62.4,59.1,72.6,57.7,60.5,31.2,67.3,48.1,90.4,2022/10/09,2022-10-09,7
carolina-panthers,2022,6,@,5,23185,Los Angeles Rams,10/16,4:05pm,L,10,24,64.3,49.5,34.9,70.3,52.3,64.6,49.4,74.4,89.8,55.5,60.5,61.2,63.6,2022/10/16,2022-10-16,7
carolina-panthers,2022,7,,5,23191,Tampa Bay Buccaneers,10/23,1:00pm,W,21,3,80.9,84.4,94.0,74.0,71.4,73.8,65.9,66.6,86.1,90.6,54.8,60.2,67.4,2022/10/23,2022-10-23,7
chicago-bears,2022,1,,6,23099,San Francisco 49ers,09/11,1:00pm,W,19,10,49.8,57.7,34.6,73.4,62.6,51.7,64.9,49.9,32.0,49.4,59.3,64.8,73.2,2022/09/11,2022-09-11,NaT
chicago-bears,2022,2,@,6,23127,Green Bay Packers,09/18,8:20pm,L,10,27,54.3,60.6,50.6,43.0,57.1,67.8,68.5,46.3,52.9,37.0,62.3,39.9,74.8,2022/09/18,2022-09-18,7
chicago-bears,2022,3,,6,23140,Houston Texans,09/25,1:00pm,W,23,20,76.0,69.6,48.4,59.5,58.1,82.5,74.4,73.2,82.7,68.6,55.6,66.9,62.6,2022/09/25,2022-09-25,7
chicago-bears,2022,4,@,6,23148,New York Giants,10/02,1:00pm,L,12,20,57.2,62.2,60.2,44.1,57.0,64.4,70.7,50.5,45.5,52.0,46.8,63.6,73.9,2022/10/02,2022-10-02,7
chicago-bears,2022,5,@,6,23163,Minnesota Vikings,10/09,1:00pm,L,22,29,60.1,63.3,56.2,64.2,62.8,74.6,61.3,51.8,40.0,58.4,57.8,58.8,81.5,2022/10/09,2022-10-09,7
chicago-bears,2022,6,,6,23176,Washington Commanders,10/13,8:15pm,L,7,12,66.8,62.8,55.5,48.6,60.3,64.1,72.9,71.4,61.4,72.2,61.6,75.6,68.9,2022/10/13,2022-10-13,4
chicago-bears,2022,7,@,6,23204,New England Patriots,10/24,8:15pm,W,33,14,84.5,82.4,62.4,77.5,73.4,73.6,82.6,69.3,61.2,71.3,66.0,70.9,81.3,2022/10/24,2022-10-24,11
cincinnati-bengals,2022,1,,7,23108,Pittsburgh Steelers,09/11,1:00pm,L,20,23,69.4,61.8,51.5,63.2,65.5,60.9,60.8,81.4,82.3,65.5,62.8,79.7,51.5,2022/09/11,2022-09-11,NaT
cincinnati-bengals,2022,2,@,7,23124,Dallas Cowboys,09/18,4:25pm,L,17,20,61.0,64.6,66.5,50.8,66.4,55.1,68.5,53.2,55.3,81.3,55.7,55.0,55.4,2022/09/18,2022-09-18,7
cincinnati-bengals,2022,3,@,7,23132,New York Jets,09/25,1:00pm,W,27,12,73.7,64.2,75.5,54.1,68.6,69.3,39.0,79.1,59.3,62.5,90.5,69.5,66.6,2022/09/25,2022-09-25,7
cincinnati-bengals,2022,4,,7,23147,Miami Dolphins,09/29,8:15pm,W,27,15,66.0,65.1,68.9,44.0,78.3,56.5,43.2,60.9,64.4,70.3,64.7,58.2,70.1,2022/09/29,2022-09-29,4
cincinnati-bengals,2022,5,@,7,23174,Baltimore Ravens,10/09,8:20pm,L,17,19,57.1,67.0,56.0,76.9,67.1,79.5,49.8,42.7,31.2,70.2,52.8,54.4,76.5,2022/10/09,2022-10-09,10
cincinnati-bengals,2022,6,@,7,23178,New Orleans Saints,10/16,1:00pm,W,30,26,73.0,73.4,77.5,37.8,71.7,74.2,65.7,64.6,56.2,51.1,67.0,66.6,77.2,2022/10/16,2022-10-16,7
cincinnati-bengals,2022,7,,7,23193,Atlanta Falcons,10/23,1:00pm,W,35,17,87.5,91.3,90.5,74.5,80.5,71.6,82.8,63.0,61.1,67.0,68.9,57.3,63.3,2022/10/23,2022-10-23,7
cleveland-browns,2022,1,@,8,23101,Carolina Panthers,09/11,1:00pm,W,26,24,68.6,62.3,48.1,71.9,55.9,79.0,61.4,71.0,63.2,46.6,88.0,58.4,69.1,2022/09/11,2022-09-11,NaT
cleveland-browns,2022,2,,8,23119,New York Jets,09/18,1:00pm,L,30,31,74.7,79.6,79.1,51.8,76.3,78.8,67.1,65.5,69.3,59.2,67.2,61.0,54.9,2022/09/18,2022-09-18,7
cleveland-browns,2022,3,,8,23131,Pittsburgh Steelers,09/22,8:15pm,W,29,17,68.9,81.7,90.4,74.2,68.3,77.3,70.4,46.6,29.9,35.9,57.0,58.7,62.5,2022/09/22,2022-09-22,4
cleveland-browns,2022,4,@,8,23150,Atlanta Falcons,10/02,1:00pm,L,20,23,60.8,75.6,61.8,85.7,64.7,76.7,77.4,34.4,28.0,37.5,47.3,66.3,55.6,2022/10/02,2022-10-02,10
cleveland-browns,2022,5,,8,23164,Los Angeles Chargers,10/09,1:00pm,L,28,30,73.9,83.3,64.6,80.8,77.0,81.3,78.0,57.4,51.5,50.6,67.7,60.9,64.3,2022/10/09,2022-10-09,7
cleveland-browns,2022,6,,8,23181,New England Patriots,10/16,1:00pm,L,15,38,64.4,63.4,57.8,70.0,60.6,53.7,72.3,64.0,59.1,56.7,68.3,61.0,67.9,2022/10/16,2022-10-16,7
cleveland-browns,2022,7,@,8,23190,Baltimore Ravens,10/23,1:00pm,L,20,23,66.8,70.3,56.6,59.6,62.6,89.4,71.4,62.1,61.4,38.2,57.6,60.9,40.6,2022/10/23,2022-10-23,7
dallas-cowboys,2022,1,,9,23113,Tampa Bay Buccaneers,09/11,8:20pm,L,3,19,60.8,55.3,40.5,64.7,57.5,75.7,60.4,64.4,50.6,74.8,68.9,69.9,73.0,2022/09/11,2022-09-11,NaT
dallas-cowboys,2022,2,,9,23124,Cincinnati Bengals,09/18,4:25pm,W,20,17,71.6,65.1,53.8,73.2,68.3,58.5,61.3,70.9,64.0,82.2,83.5,64.0,65.5,2022/09/18,2022-09-18,7
dallas-cowboys,2022,3,@,9,23146,New York Giants,09/26,8:15pm,W,23,16,71.4,75.6,82.1,68.6,69.4,84.3,55.6,58.4,44.9,41.7,83.7,50.2,82.1,2022/09/26,2022-09-26,8
dallas-cowboys,2022,4,,9,23152,Washington Commanders,10/02,1:00pm,W,25,10,70.0,60.1,54.4,65.2,65.8,65.1,51.1,74.6,51.1,68.1,60.9,89.1,64.7,2022/10/02,2022-10-02,6
dallas-cowboys,2022,5,@,9,23172,Los Angeles Rams,10/09,4:25pm,W,22,10,78.4,61.0,63.5,41.4,60.3,75.3,49.6,84.3,77.4,62.9,85.4,76.4,72.2,2022/10/09,2022-10-09,7
dallas-cowboys,2022,6,@,9,23187,Philadelphia Eagles,10/16,8:20pm,L,17,26,60.5,66.9,42.2,50.0,75.2,84.0,58.0,49.8,44.5,61.2,65.1,59.3,58.7,2022/10/16,2022-10-16,7
dallas-cowboys,2022,7,,9,23196,Detroit Lions,10/23,1:00pm,W,24,6,72.7,69.5,62.7,65.1,63.8,74.3,68.8,67.7,58.0,49.3,77.2,65.5,72.0,2022/10/23,2022-10-23,7
denver-broncos,2022,1,@,10,23100,Seattle Seahawks,09/12,8:15pm,L,16,17,66.7,62.5,57.6,71.6,63.7,57.8,68.0,70.9,59.3,52.8,86.2,67.9,52.6,2022/09/12,2022-09-12,NaT
denver-broncos,2022,2,,10,23126,Houston Texans,09/18,4:25pm,W,16,9,72.3,73.0,62.2,84.0,65.3,77.6,74.7,64.9,40.2,59.1,67.0,74.6,57.3,2022/09/18,2022-09-18,6
denver-broncos,2022,3,,10,23145,San Francisco 49ers,09/25,8:20pm,W,11,10,62.1,52.7,63.1,59.8,49.8,51.7,55.4,74.2,70.8,70.7,71.7,69.0,67.2,2022/09/25,2022-09-25,7
denver-broncos,2022,4,@,10,23158,Las Vegas Raiders,10/02,4:25pm,L,23,32,66.2,64.7,79.9,67.1,63.6,58.8,50.5,64.2,56.7,63.2,63.6,68.4,56.3,2022/10/02,2022-10-02,7
denver-broncos,2022,5,,10,23162,Indianapolis Colts,10/06,8:15pm,L,9,12,73.7,56.8,38.5,81.8,51.8,62.7,75.5,88.9,74.8,59.8,85.3,85.7,67.0,2022/10/06,2022-10-06,4
denver-broncos,2022,6,@,10,23188,Los Angeles Chargers,10/17,8:15pm,L,16,19,75.0,60.6,56.9,59.5,62.4,67.2,52.4,81.8,85.7,52.0,70.8,77.7,62.8,2022/10/17,2022-10-17,11
denver-broncos,2022,7,,10,23199,New York Jets,10/23,4:05pm,L,9,16,57.7,58.6,44.5,50.9,63.0,71.6,59.0,60.4,63.3,43.6,51.6,62.5,67.8,2022/10/23,2022-10-23,6
detroit-lions,2022,1,,11,23104,Philadelphia Eagles,09/11,1:00pm,L,35,38,56.4,59.8,47.6,37.0,60.2,83.3,63.8,52.4,52.5,51.7,54.5,55.8,61.8,2022/09/11,2022-09-11,NaT
detroit-lions,2022,2,,11,23117,Washington Commanders,09/18,1:00pm,W,36,27,73.5,67.0,60.8,64.0,69.7,61.5,61.2,69.7,73.4,49.0,65.7,63.0,62.6,2022/09/18,2022-09-18,7
detroit-lions,2022,3,@,11,23136,Minnesota Vikings,09/25,1:00pm,L,24,28,54.8,67.4,64.8,57.7,68.2,70.9,56.4,39.7,29.3,46.1,64.9,40.7,71.1,2022/09/25,2022-09-25,7
detroit-lions,2022,4,,11,23155,Seattle Seahawks,10/02,1:00pm,L,45,48,65.6,73.9,75.1,48.9,78.4,69.3,57.0,50.0,59.3,57.1,61.1,45.1,84.2,2022/10/02,2022-10-02,7
detroit-lions,2022,5,@,11,23167,New England Patriots,10/09,1:00pm,L,0,29,64.1,66.8,58.4,63.1,63.9,76.4,61.0,56.6,56.0,67.9,59.7,56.4,68.1,2022/10/09,2022-10-09,7
detroit-lions,2022,7,@,11,23196,Dallas Cowboys,10/23,1:00pm,L,6,24,66.0,66.8,55.1,65.8,69.7,58.0,68.6,64.2,68.2,72.7,68.7,53.9,45.5,2022/10/23,2022-10-23,14
green-bay-packers,2022,1,@,12,23111,Minnesota Vikings,09/11,4:25pm,L,7,23,55.8,61.1,58.4,56.3,61.0,76.5,50.5,52.5,48.5,36.4,68.3,50.5,48.3,2022/09/11,2022-09-11,NaT
green-bay-packers,2022,2,,12,23127,Chicago Bears,09/18,8:20pm,W,27,10,81.8,83.2,84.2,76.6,77.5,82.8,65.0,68.8,38.0,37.1,82.9,89.6,54.5,2022/09/18,2022-09-18,7
green-bay-packers,2022,3,@,12,23143,Tampa Bay Buccaneers,09/25,4:25pm,W,14,12,72.2,67.6,69.1,59.3,71.1,62.7,53.1,68.7,60.1,79.4,66.5,68.1,68.9,2022/09/25,2022-09-25,7
green-bay-packers,2022,4,,12,23159,New England Patriots,10/02,4:25pm,W,27,24,69.5,72.9,73.6,64.0,69.2,73.2,60.1,59.0,48.1,78.8,68.0,65.5,49.3,2022/10/02,2022-10-02,7
green-bay-packers,2022,5,,12,23367,New York Giants,10/09,9:30am,L,22,27,70.0,75.2,59.6,81.7,70.3,67.0,77.9,57.4,60.4,56.1,67.6,49.2,72.5,2022/10/09,2022-10-09,7
green-bay-packers,2022,6,,12,23195,New York Jets,10/16,1:00pm,L,10,27,59.2,59.6,68.0,65.0,52.9,66.1,59.5,62.5,48.4,46.1,75.1,72.0,39.6,2022/10/16,2022-10-16,7
green-bay-packers,2022,7,@,12,23197,Washington Commanders,10/23,1:00pm,L,21,23,70.6,54.6,65.6,79.8,51.4,72.3,33.9,84.9,78.6,65.9,79.0,78.6,72.4,2022/10/23,2022-10-23,7
houston-texans,2022,1,,13,23102,Indianapolis Colts,09/11,1:00pm,T,20,20,66.1,64.5,67.7,64.9,64.0,57.6,60.4,61.4,43.9,55.8,67.2,68.7,79.3,2022/09/11,2022-09-11,NaT
houston-texans,2022,2,@,13,23126,Denver Broncos,09/18,4:25pm,L,9,16,53.4,61.4,53.8,68.6,54.1,73.7,71.5,45.1,30.1,37.2,66.6,55.2,63.3,2022/09/18,2022-09-18,7
houston-texans,2022,3,@,13,23140,Chicago Bears,09/25,1:00pm,L,20,23,58.5,63.9,70.1,84.6,62.3,52.5,50.8,49.8,39.5,42.6,68.9,56.5,60.3,2022/09/25,2022-09-25,7
houston-texans,2022,4,,13,23151,Los Angeles Chargers,10/02,1:00pm,L,24,34,69.3,68.9,74.6,49.0,68.6,80.1,53.0,65.0,68.8,69.8,50.7,71.0,69.8,2022/10/02,2022-10-02,7
houston-texans,2022,5,@,13,23170,Jacksonville Jaguars,10/09,1:00pm,W,13,6,69.8,66.5,67.8,69.1,60.0,80.7,54.3,65.2,64.0,75.0,53.3,67.5,74.9,2022/10/09,2022-10-09,7
houston-texans,2022,7,@,13,23200,Las Vegas Raiders,10/23,4:05pm,L,20,38,63.7,75.5,67.2,64.1,69.8,89.1,65.1,41.9,37.9,29.3,61.0,46.3,72.1,2022/10/23,2022-10-23,14
indianapolis-colts,2022,1,@,14,23102,Houston Texans,09/11,1:00pm,T,20,20,64.7,67.5,61.2,58.7,64.5,63.5,74.3,60.3,65.7,62.0,62.1,53.9,67.2,2022/09/11,2022-09-11,NaT
indianapolis-colts,2022,2,@,14,23116,Jacksonville Jaguars,09/18,1:00pm,L,0,24,61.1,55.7,51.8,51.5,62.0,59.5,52.7,65.2,74.0,76.5,53.9,61.4,71.6,2022/09/18,2022-09-18,7
indianapolis-colts,2022,3,,14,23134,Kansas City Chiefs,09/25,1:00pm,W,20,17,71.0,67.2,54.8,77.7,65.7,62.2,65.2,66.9,79.3,60.8,57.7,60.3,75.3,2022/09/25,2022-09-25,7
indianapolis-colts,2022,4,,14,23156,Tennessee Titans,10/02,1:00pm,L,17,24,60.1,65.8,69.6,60.4,81.7,50.2,31.5,54.3,50.9,77.9,71.0,51.9,55.5,2022/10/02,2022-10-02,7
indianapolis-colts,2022,5,@,14,23162,Denver Broncos,10/06,8:15pm,W,12,9,61.8,49.7,42.2,28.7,62.5,64.7,48.1,70.9,61.5,67.6,62.5,73.5,76.2,2022/10/06,2022-10-06,4
indianapolis-colts,2022,6,,14,23180,Jacksonville Jaguars,10/16,1:00pm,W,34,27,68.4,71.0,74.6,61.4,68.9,63.1,59.2,56.1,58.0,67.9,59.7,53.8,73.0,2022/10/16,2022-10-16,10
indianapolis-colts,2022,7,@,14,23192,Tennessee Titans,10/23,1:00pm,L,10,19,63.4,57.5,56.5,53.4,61.7,70.9,40.2,68.3,62.1,68.9,65.9,70.3,74.0,2022/10/23,2022-10-23,7
jacksonville-jaguars,2022,1,@,15,23103,Washington Commanders,09/11,1:00pm,L,22,28,58.9,63.2,56.8,52.0,64.3,82.6,55.8,54.2,64.7,36.9,60.3,50.3,60.2,2022/09/11,2022-09-11,NaT
jacksonville-jaguars,2022,2,,15,23116,Indianapolis Colts,09/18,1:00pm,W,24,0,75.9,63.5,73.7,77.4,65.4,56.3,50.9,83.6,77.5,53.2,76.7,75.7,70.2,2022/09/18,2022-09-18,7
jacksonville-jaguars,2022,3,@,15,23141,Los Angeles Chargers,09/25,4:05pm,W,38,10,76.3,72.6,76.0,70.5,72.5,71.0,51.1,71.8,81.6,54.5,69.4,62.3,68.1,2022/09/25,2022-09-25,7
jacksonville-jaguars,2022,4,@,15,23153,Philadelphia Eagles,10/02,1:00pm,L,21,29,53.3,54.9,29.0,78.8,59.4,52.8,67.7,51.8,61.1,40.6,57.6,46.3,71.8,2022/10/02,2022-10-02,7
jacksonville-jaguars,2022,5,,15,23170,Houston Texans,10/09,1:00pm,L,6,13,65.0,62.6,60.6,83.4,56.2,69.5,55.1,61.5,55.1,29.7,67.8,63.4,65.3,2022/10/09,2022-10-09,7
jacksonville-jaguars,2022,6,@,15,23180,Indianapolis Colts,10/16,1:00pm,L,27,34,69.0,67.9,62.2,74.0,60.8,81.1,58.0,66.3,79.7,54.7,66.6,57.0,61.1,2022/10/16,2022-10-16,7
jacksonville-jaguars,2022,7,,15,23194,New York Giants,10/23,1:00pm,L,17,23,66.4,66.9,50.6,66.0,72.3,73.2,61.4,60.2,54.4,47.9,67.0,65.3,74.5,2022/10/23,2022-10-23,7
kansas-city-chiefs,2022,1,@,16,23109,Arizona Cardinals,09/11,4:25pm,W,44,21,84.6,82.0,75.1,66.2,75.7,58.6,86.9,76.4,60.6,44.6,67.0,78.4,57.4,2022/09/11,2022-09-11,NaT
kansas-city-chiefs,2022,2,,16,23114,Los Angeles Chargers,09/15,8:20pm,W,27,24,67.4,63.2,62.3,40.6,65.9,56.0,67.4,67.4,57.2,51.4,75.8,61.8,55.7,2022/09/15,2022-09-15,4
kansas-city-chiefs,2022,3,@,16,23134,Indianapolis Colts,09/25,1:00pm,L,17,20,62.5,68.6,70.9,81.9,65.7,62.7,51.0,60.3,62.4,67.5,60.5,57.4,69.7,2022/09/25,2022-09-25,10
kansas-city-chiefs,2022,4,@,16,23161,Tampa Bay Buccaneers,10/02,8:20pm,W,41,31,79.0,81.1,82.4,65.1,69.0,79.4,76.6,60.6,63.2,71.6,61.8,59.4,81.6,2022/10/02,2022-10-02,7
kansas-city-chiefs,2022,5,,16,23175,Las Vegas Raiders,10/10,8:15pm,W,30,29,64.9,67.4,80.0,56.1,69.6,58.3,45.8,59.0,45.3,29.9,70.0,59.7,64.6,2022/10/10,2022-10-10,8
kansas-city-chiefs,2022,6,,16,23186,Buffalo Bills,10/16,4:25pm,L,20,24,74.4,72.3,67.9,59.3,76.3,60.5,64.7,63.7,64.1,66.3,74.5,51.9,80.6,2022/10/16,2022-10-16,6
kansas-city-chiefs,2022,7,@,16,23201,San Francisco 49ers,10/23,4:25pm,W,44,23,77.9,90.9,80.7,60.7,87.9,72.5,83.3,55.7,44.4,54.1,66.7,56.8,84.4,2022/10/23,2022-10-23,7
los-angeles-chargers,2022,1,,17,23112,Las Vegas Raiders,09/11,4:25pm,W,24,19,70.9,67.7,79.5,64.7,67.5,62.4,53.1,68.5,47.7,37.0,78.4,65.0,76.8,2022/09/11,2022-09-11,NaT
los-angeles-chargers,2022,2,@,17,23114,Kansas City Chiefs,09/15,8:20pm,L,24,27,69.8,69.9,61.8,44.2,73.5,74.4,61.2,60.7,57.6,60.2,70.3,57.0,72.1,2022/09/15,2022-09-15,4
los-angeles-chargers,2022,3,,17,23141,Jacksonville Jaguars,09/25,4:05pm,L,10,38,58.3,58.1,61.1,40.8,63.2,64.6,45.1,58.4,72.3,58.5,57.6,48.9,59.4,2022/09/25,2022-09-25,10
los-angeles-chargers,2022,4,@,17,23151,Houston Texans,10/02,1:00pm,W,34,24,74.7,71.9,71.5,81.6,67.7,68.8,55.7,72.0,44.8,55.7,81.0,72.1,62.7,2022/10/02,2022-10-02,7
los-angeles-chargers,2022,5,@,17,23164,Cleveland Browns,10/09,1:00pm,W,30,28,54.4,65.4,65.1,60.6,61.9,73.3,58.6,41.4,38.2,47.1,49.1,50.3,60.4,2022/10/09,2022-10-09,7
los-angeles-chargers,2022,6,,17,23188,Denver Broncos,10/17,8:15pm,W,19,16,62.2,56.4,67.7,54.2,59.7,71.3,30.8,68.2,69.7,64.2,63.2,64.6,64.7,2022/10/17,2022-10-17,8
los-angeles-chargers,2022,7,,17,23202,Seattle Seahawks,10/23,4:25pm,L,23,37,61.8,59.9,53.1,83.0,58.8,57.1,51.0,60.6,57.5,60.2,61.0,63.3,73.6,2022/10/23,2022-10-23,6
los-angeles-rams,2022,1,,18,23098,Buffalo Bills,09/08,8:20pm,L,10,31,67.4,62.8,63.1,37.2,65.9,50.0,74.6,69.5,73.5,67.0,68.1,62.1,56.0,2022/09/08,2022-09-08,NaT
los-angeles-rams,2022,2,,18,23122,Atlanta Falcons,09/18,4:05pm,W,31,27,73.9,70.1,63.0,73.2,71.7,63.9,59.8,72.9,77.9,51.8,80.7,54.7,58.8,2022/09/18,2022-09-18,10
los-angeles-rams,2022,3,@,18,23144,Arizona Cardinals,09/25,4:25pm,W,20,12,78.0,80.9,82.5,78.2,72.6,68.7,74.8,67.0,68.7,63.4,55.4,68.9,67.2,2022/09/25,2022-09-25,7
los-angeles-rams,2022,4,@,18,23160,San Francisco 49ers,10/03,8:15pm,L,9,24,59.6,55.1,49.9,37.1,63.1,58.6,57.2,65.2,79.9,75.1,61.6,50.2,64.9,2022/10/03,2022-10-03,8
los-angeles-rams,2022,5,,18,23172,Dallas Cowboys,10/09,4:25pm,L,10,22,60.5,53.5,45.0,42.8,62.8,53.4,52.7,74.0,69.6,76.1,89.9,56.6,58.0,2022/10/09,2022-10-09,6
los-angeles-rams,2022,6,,18,23185,Carolina Panthers,10/16,4:05pm,W,24,10,78.1,69.5,78.3,69.5,75.9,67.9,39.2,77.9,73.0,51.2,61.1,77.0,77.5,2022/10/16,2022-10-16,7
miami-dolphins,2022,1,,19,23105,New England Patriots,09/11,1:00pm,W,20,7,60.2,64.0,52.8,64.2,67.4,63.3,61.1,55.2,59.4,48.5,56.0,53.9,45.1,2022/09/11,2022-09-11,NaT
miami-dolphins,2022,2,@,19,23118,Baltimore Ravens,09/18,1:00pm,W,42,38,70.1,79.7,83.6,58.0,77.1,71.0,63.6,51.0,72.1,81.4,58.5,38.8,44.5,2022/09/18,2022-09-18,7
miami-dolphins,2022,3,,19,23133,Buffalo Bills,09/25,1:00pm,W,21,19,73.6,65.5,80.0,39.8,69.9,54.8,52.3,75.3,84.3,46.0,77.6,62.9,59.5,2022/09/25,2022-09-25,7
miami-dolphins,2022,4,@,19,23147,Cincinnati Bengals,09/29,8:15pm,L,15,27,67.4,61.7,64.7,57.9,66.2,62.7,48.1,72.9,89.8,46.7,72.4,53.6,62.4,2022/09/29,2022-09-29,4
miami-dolphins,2022,5,@,19,23165,New York Jets,10/09,1:00pm,L,17,40,53.0,58.4,56.9,22.4,60.9,72.8,65.8,50.1,61.0,50.0,61.4,43.7,58.4,2022/10/09,2022-10-09,10
miami-dolphins,2022,6,,19,23183,Minnesota Vikings,10/16,1:00pm,L,16,24,76.2,73.0,85.6,29.6,74.6,61.5,57.7,73.3,59.2,75.1,74.0,72.8,66.1,2022/10/16,2022-10-16,7
miami-dolphins,2022,7,,19,23203,Pittsburgh Steelers,10/23,8:20pm,W,16,10,75.9,67.0,57.8,78.4,65.3,64.3,65.2,75.1,72.8,54.4,73.8,67.4,76.7,2022/10/23,2022-10-23,7
minnesota-vikings,2022,1,,20,23111,Green Bay Packers,09/11,4:25pm,W,23,7,84.2,78.9,83.4,56.0,70.2,76.5,70.6,76.7,58.0,76.5,77.3,74.7,63.5,2022/09/11,2022-09-11,NaT
minnesota-vikings,2022,2,@,20,23130,Philadelphia Eagles,09/19,8:30pm,L,7,24,55.5,56.1,51.7,58.9,56.9,68.2,53.6,52.4,62.8,60.0,60.2,44.0,80.8,2022/09/19,2022-09-19,8
minnesota-vikings,2022,3,,20,23136,Detroit Lions,09/25,1:00pm,W,28,24,78.7,80.7,75.0,72.9,71.7,77.5,73.0,70.9,77.1,75.5,69.7,59.8,65.7,2022/09/25,2022-09-25,6
minnesota-vikings,2022,4,@,20,23366,New Orleans Saints,10/02,9:30am,W,28,25,69.3,66.1,69.1,57.0,68.1,62.4,57.3,66.5,77.9,78.7,67.9,50.1,69.6,2022/10/02,2022-10-02,7
minnesota-vikings,2022,5,,20,23163,Chicago Bears,10/09,1:00pm,W,29,22,73.3,80.0,68.1,73.3,71.2,77.4,82.7,60.7,75.8,42.8,59.6,49.6,52.2,2022/10/09,2022-10-09,7
minnesota-vikings,2022,6,@,20,23183,Miami Dolphins,10/16,1:00pm,W,24,16,71.7,67.9,70.4,48.6,68.5,63.2,60.8,70.7,74.0,66.3,85.0,53.1,65.8,2022/10/16,2022-10-16,7
new-england-patriots,2022,1,@,21,23105,Miami Dolphins,09/11,1:00pm,L,7,20,67.5,69.6,66.3,78.4,67.6,63.4,62.5,58.6,67.7,62.5,72.8,44.1,74.0,2022/09/11,2022-09-11,NaT
new-england-patriots,2022,2,@,21,23121,Pittsburgh Steelers,09/18,1:00pm,W,17,14,71.7,69.0,50.7,70.9,67.9,73.4,73.0,68.2,67.3,75.1,63.4,64.8,77.5,2022/09/18,2022-09-18,7
new-england-patriots,2022,3,,21,23138,Baltimore Ravens,09/25,1:00pm,L,26,37,61.6,69.4,61.0,66.8,72.6,71.4,55.2,47.5,35.8,52.4,62.6,51.4,65.0,2022/09/25,2022-09-25,7
new-england-patriots,2022,4,@,21,23159,Green Bay Packers,10/02,4:25pm,L,24,27,73.6,75.5,56.0,70.1,70.3,85.1,67.6,63.7,58.5,77.3,58.4,67.9,64.3,2022/10/02,2022-10-02,7
new-england-patriots,2022,5,,21,23167,Detroit Lions,10/09,1:00pm,W,29,0,82.5,80.2,82.7,67.8,74.3,70.5,70.7,75.6,61.5,82.3,65.3,79.9,54.1,2022/10/09,2022-10-09,7
new-england-patriots,2022,6,@,21,23181,Cleveland Browns,10/16,1:00pm,W,38,15,72.0,70.6,75.8,62.9,76.5,54.9,63.1,66.8,61.4,69.4,67.8,64.1,78.9,2022/10/16,2022-10-16,7
new-england-patriots,2022,7,,21,23204,Chicago Bears,10/24,8:15pm,L,14,33,50.9,56.5,47.7,52.2,63.6,52.2,66.3,50.1,38.8,50.8,64.3,59.7,51.7,2022/10/24,2022-10-24,8
new-orleans-saints,2022,1,@,22,23107,Atlanta Falcons,09/11,1:00pm,W,27,26,70.6,75.1,77.8,66.3,69.9,76.8,57.7,56.4,53.2,76.8,57.4,62.2,71.8,2022/09/11,2022-09-11,NaT
new-orleans-saints,2022,2,,22,23115,Tampa Bay Buccaneers,09/18,1:00pm,L,10,20,66.0,58.9,48.2,76.1,57.4,55.4,67.9,71.8,72.5,61.2,59.4,73.4,63.7,2022/09/18,2022-09-18,7
new-orleans-saints,2022,3,@,22,23139,Carolina Panthers,09/25,1:00pm,L,14,22,71.4,71.4,71.6,70.4,79.7,50.7,51.4,67.9,65.2,41.3,57.0,69.1,79.2,2022/09/25,2022-09-25,7
new-orleans-saints,2022,4,,22,23366,Minnesota Vikings,10/02,9:30am,L,25,28,78.4,78.6,79.8,75.4,77.2,78.7,54.3,67.1,68.8,66.0,70.3,59.4,72.6,2022/10/02,2022-10-02,7
new-orleans-saints,2022,5,,22,23168,Seattle Seahawks,10/09,1:00pm,W,39,32,67.9,71.0,77.7,50.7,66.3,72.3,65.7,56.5,68.6,55.8,67.3,43.5,68.6,2022/10/09,2022-10-09,7
new-orleans-saints,2022,6,,22,23178,Cincinnati Bengals,10/16,1:00pm,L,26,30,66.9,66.7,72.8,47.2,57.6,81.3,61.1,62.4,52.7,40.7,74.6,58.3,63.6,2022/10/16,2022-10-16,7
new-orleans-saints,2022,7,@,22,23189,Arizona Cardinals,10/20,8:15pm,L,34,42,68.8,71.9,78.7,53.7,70.8,70.8,54.9,58.8,69.4,41.0,61.5,50.5,61.7,2022/10/20,2022-10-20,4
new-york-giants,2022,1,@,23,23110,Tennessee Titans,09/11,4:25pm,W,21,20,56.7,57.4,62.6,52.7,61.7,60.8,51.1,57.5,66.1,80.9,60.8,47.7,49.7,2022/09/11,2022-09-11,NaT
new-york-giants,2022,2,,23,23120,Carolina Panthers,09/18,1:00pm,W,19,16,58.7,58.2,51.3,67.7,63.1,66.3,47.4,54.6,35.2,34.5,56.3,67.4,64.2,2022/09/18,2022-09-18,7
new-york-giants,2022,3,,23,23146,Dallas Cowboys,09/26,8:15pm,L,16,23,61.3,61.1,59.7,35.9,56.4,79.3,77.2,58.5,57.7,49.0,58.7,60.6,60.2,2022/09/26,2022-09-26,8
new-york-giants,2022,4,,23,23148,Chicago Bears,10/02,1:00pm,W,20,12,67.4,70.7,78.0,79.4,55.5,69.2,69.8,63.3,57.8,57.3,79.1,56.6,57.8,2022/10/02,2022-10-02,6
new-york-giants,2022,5,@,23,23367,Green Bay Packers,10/09,9:30am,W,27,22,66.9,72.2,70.5,61.5,74.9,71.3,57.8,57.2,64.0,78.5,61.4,49.8,57.1,2022/10/09,2022-10-09,7
new-york-giants,2022,6,,23,23182,Baltimore Ravens,10/16,1:00pm,W,24,20,67.1,70.9,68.1,75.2,64.0,63.5,74.5,53.8,41.6,63.1,62.5,57.5,69.9,2022/10/16,2022-10-16,7
new-york-giants,2022,7,@,23,23194,Jacksonville Jaguars,10/23,1:00pm,W,23,17,60.3,67.7,60.7,63.1,59.9,87.7,58.2,48.1,37.4,63.6,65.9,53.3,66.6,2022/10/23,2022-10-23,7
new-york-jets,2022,1,,24,23106,Baltimore Ravens,09/11,1:00pm,L,9,24,59.5,58.6,67.5,43.0,55.5,67.6,59.6,61.4,64.3,66.3,63.8,54.7,78.4,2022/09/11,2022-09-11,NaT
new-york-jets,2022,2,@,24,23119,Cleveland Browns,09/18,1:00pm,W,31,30,65.3,71.0,78.6,64.5,67.7,68.0,53.5,49.8,45.9,31.6,65.8,49.8,63.2,2022/09/18,2022-09-18,7
new-york-jets,2022,3,,24,23132,Cincinnati Bengals,09/25,1:00pm,L,12,27,62.3,51.9,27.7,46.6,66.7,63.9,56.5,73.2,78.0,59.3,69.4,64.6,67.5,2022/09/25,2022-09-25,7
new-york-jets,2022,4,@,24,23154,Pittsburgh Steelers,10/02,1:00pm,W,24,20,71.7,59.7,66.1,61.2,62.3,63.3,47.6,81.0,80.4,61.4,62.2,79.9,72.5,2022/10/02,2022-10-02,7
new-york-jets,2022,5,,24,23165,Miami Dolphins,10/09,1:00pm,W,40,17,76.3,68.2,79.7,68.3,65.0,63.9,58.6,74.7,54.0,64.2,91.8,62.2,76.7,2022/10/09,2022-10-09,7
new-york-jets,2022,6,@,24,23195,Green Bay Packers,10/16,1:00pm,W,27,10,74.9,62.2,38.0,45.6,63.8,70.8,66.0,72.6,62.8,67.4,65.2,75.6,91.3,2022/10/16,2022-10-16,7
new-york-jets,2022,7,@,24,23199,Denver Broncos,10/23,4:05pm,W,16,9,73.6,57.0,42.1,70.3,57.8,81.0,48.8,83.5,72.7,72.0,70.8,86.4,56.0,2022/10/23,2022-10-23,7
las-vegas-raiders,2022,1,@,25,23112,Los Angeles Chargers,09/11,4:25pm,L,19,24,64.2,62.9,42.1,55.9,70.2,66.8,68.7,63.1,72.2,77.2,65.8,51.9,57.9,2022/09/11,2022-09-11,NaT
las-vegas-raiders,2022,2,,25,23125,Arizona Cardinals,09/18,4:25pm,L,23,29,66.0,62.6,59.1,66.9,62.7,77.2,50.1,65.6,62.1,57.3,56.9,68.4,59.0,2022/09/18,2022-09-18,7
las-vegas-raiders,2022,3,@,25,23137,Tennessee Titans,09/25,1:00pm,L,22,24,64.2,67.6,74.1,64.3,70.4,61.6,43.8,55.3,57.8,56.2,69.7,45.1,59.9,2022/09/25,2022-09-25,7
las-vegas-raiders,2022,4,,25,23158,Denver Broncos,10/02,4:25pm,W,32,23,69.3,69.0,60.5,66.7,65.1,86.9,54.8,65.1,63.5,50.0,69.4,58.7,64.9,2022/10/02,2022-10-02,7
las-vegas-raiders,2022,5,@,25,23175,Kansas City Chiefs,10/10,8:15pm,L,29,30,67.3,70.8,70.7,72.1,63.7,78.2,63.8,58.4,50.2,30.1,73.1,58.6,59.5,2022/10/10,2022-10-10,8
las-vegas-raiders,2022,7,,25,23200,Houston Texans,10/23,4:05pm,W,38,20,80.1,86.8,76.8,73.0,83.1,87.1,65.5,65.9,53.9,51.6,69.5,65.7,51.8,2022/10/23,2022-10-23,13
philadelphia-eagles,2022,1,@,26,23104,Detroit Lions,09/11,1:00pm,W,38,35,72.0,72.4,80.8,76.1,64.9,78.6,59.8,63.1,53.6,29.3,71.1,63.1,69.5,2022/09/11,2022-09-11,NaT
philadelphia-eagles,2022,2,,26,23130,Minnesota Vikings,09/19,8:30pm,W,24,7,82.7,78.9,90.7,77.0,77.7,59.6,60.8,76.3,53.0,43.8,66.9,80.8,60.2,2022/09/19,2022-09-19,8
philadelphia-eagles,2022,3,@,26,23135,Washington Commanders,09/25,1:00pm,W,24,8,76.6,73.8,70.9,73.6,81.1,40.2,65.8,74.0,67.4,79.5,70.7,70.8,46.8,2022/09/25,2022-09-25,6
philadelphia-eagles,2022,4,,26,23153,Jacksonville Jaguars,10/02,1:00pm,W,29,21,67.1,67.0,66.2,84.5,58.5,70.6,62.7,66.7,73.1,48.8,74.8,51.0,54.2,2022/10/02,2022-10-02,7
philadelphia-eagles,2022,5,@,26,23173,Arizona Cardinals,10/09,4:25pm,W,20,17,73.4,73.0,58.4,73.0,67.5,76.0,70.3,65.7,62.4,40.4,74.8,56.5,70.1,2022/10/09,2022-10-09,7
philadelphia-eagles,2022,6,,26,23187,Dallas Cowboys,10/16,8:20pm,W,26,17,72.9,70.5,66.4,60.5,64.5,68.6,69.5,70.4,58.5,52.0,73.3,70.0,57.6,2022/10/16,2022-10-16,7
pittsburgh-steelers,2022,1,@,27,23108,Cincinnati Bengals,09/11,1:00pm,W,23,20,77.0,63.6,60.4,66.1,64.5,56.6,57.7,79.1,82.8,75.5,73.6,74.2,81.5,2022/09/11,2022-09-11,NaT
pittsburgh-steelers,2022,2,,27,23121,New England Patriots,09/18,1:00pm,L,14,17,67.7,70.0,63.5,74.0,68.2,68.9,63.0,63.8,54.2,63.0,60.8,67.0,58.5,2022/09/18,2022-09-18,7
pittsburgh-steelers,2022,3,@,27,23131,Cleveland Browns,09/22,8:15pm,L,17,29,64.7,75.8,77.6,74.2,69.0,70.9,63.5,48.7,47.1,44.8,58.1,50.5,67.8,2022/09/22,2022-09-22,4
pittsburgh-steelers,2022,4,,27,23154,New York Jets,10/02,1:00pm,L,20,24,67.7,64.4,68.3,75.7,69.0,59.3,46.1,66.0,83.5,54.7,63.6,51.3,66.1,2022/10/02,2022-10-02,10
pittsburgh-steelers,2022,5,@,27,23169,Buffalo Bills,10/09,1:00pm,L,3,38,57.1,63.7,64.7,52.6,65.4,57.7,68.6,53.2,51.9,50.8,55.3,55.3,59.8,2022/10/09,2022-10-09,7
pittsburgh-steelers,2022,6,,27,23179,Tampa Bay Buccaneers,10/16,1:00pm,W,20,18,71.8,65.7,62.5,61.0,70.5,54.7,59.9,68.5,75.2,67.0,63.3,61.5,79.0,2022/10/16,2022-10-16,7
pittsburgh-steelers,2022,7,@,27,23203,Miami Dolphins,10/23,8:20pm,L,10,16,58.7,60.9,65.6,59.3,60.6,61.8,53.0,55.1,55.1,65.4,52.3,56.9,57.7,2022/10/23,2022-10-23,7
san-francisco-49ers,2022,1,@,28,23099,Chicago Bears,09/11,1:00pm,L,10,19,62.0,61.7,52.2,78.8,58.0,65.1,64.0,63.9,64.4,58.2,59.2,70.9,52.1,2022/09/11,2022-09-11,NaT
san-francisco-49ers,2022,2,,28,23123,Seattle Seahawks,09/18,4:05pm,W,27,7,78.2,67.6,65.1,79.5,67.2,62.2,59.1,82.8,67.7,74.2,71.7,82.3,71.6,2022/09/18,2022-09-18,7
san-francisco-49ers,2022,3,@,28,23145,Denver Broncos,09/25,8:20pm,L,10,11,69.7,51.6,47.3,49.2,62.2,47.7,53.1,80.1,72.9,66.6,67.4,81.4,72.5,2022/09/25,2022-09-25,7
san-francisco-49ers,2022,4,,28,23160,Los Angeles Rams,10/03,8:15pm,W,24,9,81.1,70.0,85.0,63.1,70.7,70.5,42.8,86.0,84.7,70.3,81.0,76.0,63.5,2022/10/03,2022-10-03,8
san-francisco-49ers,2022,5,@,28,23171,Carolina Panthers,10/09,4:05pm,W,37,15,70.7,73.9,67.2,56.1,77.1,74.5,59.0,67.6,63.4,57.7,62.3,69.2,39.1,2022/10/09,2022-10-09,6
san-francisco-49ers,2022,6,@,28,23177,Atlanta Falcons,10/16,1:00pm,L,14,28,64.7,72.4,61.4,74.8,77.3,56.7,59.1,49.5,48.3,69.6,64.1,49.7,52.7,2022/10/16,2022-10-16,7
san-francisco-49ers,2022,7,,28,23201,Kansas City Chiefs,10/23,4:25pm,L,23,44,63.4,74.8,52.1,77.6,75.1,71.9,77.4,46.0,50.9,47.1,68.5,39.8,35.5,2022/10/23,2022-10-23,7
seattle-seahawks,2022,1,,29,23100,Denver Broncos,09/12,8:15pm,W,17,16,63.6,67.5,78.3,54.2,62.9,63.5,60.1,55.3,52.0,36.7,65.1,51.4,74.8,2022/09/12,2022-09-12,NaT
seattle-seahawks,2022,2,@,29,23123,San Francisco 49ers,09/18,4:05pm,L,7,27,55.9,59.7,48.7,48.8,72.2,66.0,48.7,50.0,58.0,42.7,56.8,46.5,83.2,2022/09/18,2022-09-18,6
seattle-seahawks,2022,3,,29,23142,Atlanta Falcons,09/25,4:25pm,L,23,27,61.2,69.6,67.6,64.4,71.8,74.7,46.6,41.2,37.8,53.0,61.8,46.1,75.3,2022/09/25,2022-09-25,7
seattle-seahawks,2022,4,@,29,23155,Detroit Lions,10/02,1:00pm,W,48,45,71.4,82.9,91.6,66.1,84.4,76.2,54.9,56.8,54.2,66.6,63.6,53.3,49.7,2022/10/02,2022-10-02,7
seattle-seahawks,2022,5,@,29,23168,New Orleans Saints,10/09,1:00pm,L,32,39,70.5,72.6,91.0,65.5,67.1,55.2,61.8,64.5,69.2,71.7,63.4,57.8,60.8,2022/10/09,2022-10-09,7
seattle-seahawks,2022,6,,29,23184,Arizona Cardinals,10/16,4:05pm,W,19,9,76.4,72.3,55.4,71.6,67.2,82.2,71.6,73.2,70.1,69.7,70.3,67.5,58.7,2022/10/16,2022-10-16,7
seattle-seahawks,2022,7,@,29,23202,Los Angeles Chargers,10/23,4:25pm,W,37,23,80.0,71.5,56.8,74.7,66.5,86.9,61.7,80.2,89.2,57.6,64.3,79.0,54.7,2022/10/23,2022-10-23,7
tampa-bay-buccaneers,2022,1,@,30,23113,Dallas Cowboys,09/11,8:20pm,W,19,3,71.0,69.1,68.8,38.1,70.0,54.9,74.8,69.5,68.6,84.6,62.0,69.7,53.7,2022/09/11,2022-09-11,NaT
tampa-bay-buccaneers,2022,2,@,30,23115,New Orleans Saints,09/18,1:00pm,W,20,10,71.3,61.5,76.5,75.9,60.1,48.0,55.9,75.8,56.4,68.7,63.3,88.2,62.7,2022/09/18,2022-09-18,7
tampa-bay-buccaneers,2022,3,,30,23143,Green Bay Packers,09/25,4:25pm,L,12,14,71.3,60.7,66.7,55.5,61.0,65.1,50.4,78.3,69.1,70.4,69.0,77.1,60.3,2022/09/25,2022-09-25,7
tampa-bay-buccaneers,2022,4,,30,23161,Kansas City Chiefs,10/02,8:20pm,L,31,41,69.2,79.5,75.5,60.6,77.8,60.8,79.5,53.1,47.4,69.1,60.4,56.1,61.6,2022/10/02,2022-10-02,7
tampa-bay-buccaneers,2022,5,,30,23166,Atlanta Falcons,10/09,1:00pm,W,21,15,68.1,70.3,69.9,76.7,63.9,67.5,67.1,62.0,59.4,56.5,75.6,59.0,43.2,2022/10/09,2022-10-09,7
tampa-bay-buccaneers,2022,6,@,30,23179,Pittsburgh Steelers,10/16,1:00pm,L,18,20,70.7,66.5,70.1,73.9,66.9,62.2,53.4,69.8,69.7,73.4,60.4,68.9,61.6,2022/10/16,2022-10-16,7
tampa-bay-buccaneers,2022,7,@,30,23191,Carolina Panthers,10/23,1:00pm,L,3,21,60.9,65.3,70.2,78.7,63.0,62.9,47.4,52.0,48.6,46.2,55.8,55.9,53.2,2022/10/23,2022-10-23,7
tennessee-titans,2022,1,,31,23110,New York Giants,09/11,4:25pm,L,20,21,78.1,73.5,80.2,73.0,63.1,72.2,67.0,74.1,59.5,55.5,81.5,72.1,81.3,2022/09/11,2022-09-11,NaT
tennessee-titans,2022,2,@,31,23129,Buffalo Bills,09/19,7:15pm,L,7,41,53.4,55.6,39.8,21.2,66.5,55.9,69.9,54.8,64.5,41.9,69.1,45.0,74.8,2022/09/19,2022-09-19,8
tennessee-titans,2022,3,,31,23137,Las Vegas Raiders,09/25,1:00pm,W,24,22,71.6,71.6,63.4,62.5,75.1,72.0,58.9,62.7,58.6,67.2,63.7,62.8,66.9,2022/09/25,2022-09-25,6
tennessee-titans,2022,4,@,31,23156,Indianapolis Colts,10/02,1:00pm,W,24,17,74.4,70.8,69.5,60.8,59.4,78.8,72.9,67.8,86.3,55.1,79.4,45.9,77.1,2022/10/02,2022-10-02,7
tennessee-titans,2022,5,@,31,23128,Washington Commanders,10/09,1:00pm,W,21,17,67.9,58.4,62.7,40.9,62.4,71.6,51.3,71.2,74.5,51.3,72.3,63.1,84.5,2022/10/09,2022-10-09,7
tennessee-titans,2022,7,,31,23192,Indianapolis Colts,10/23,1:00pm,W,19,10,79.1,65.8,67.2,43.9,63.1,68.9,62.3,85.4,71.7,61.3,68.5,87.7,59.1,2022/10/23,2022-10-23,14
washington-commanders,2022,1,,32,23103,Jacksonville Jaguars,09/11,1:00pm,W,28,22,67.2,71.3,68.7,69.1,72.7,55.7,65.6,56.1,49.8,48.7,68.4,52.4,73.1,2022/09/11,2022-09-11,NaT
washington-commanders,2022,2,@,32,23117,Detroit Lions,09/18,1:00pm,L,27,36,60.8,63.3,55.4,64.0,67.2,66.5,49.3,54.1,49.5,87.6,62.5,52.6,74.0,2022/09/18,2022-09-18,7
washington-commanders,2022,3,,32,23135,Philadelphia Eagles,09/25,1:00pm,L,8,24,63.3,57.9,63.4,62.3,52.8,64.4,59.8,62.5,63.0,64.9,55.8,62.0,90.1,2022/09/25,2022-09-25,7
washington-commanders,2022,4,@,32,23152,Dallas Cowboys,10/02,1:00pm,L,10,25,71.3,63.9,46.9,60.3,63.1,70.3,72.9,71.9,72.0,68.8,66.8,68.1,79.9,2022/10/02,2022-10-02,7
washington-commanders,2022,5,,32,23128,Tennessee Titans,10/09,1:00pm,L,17,21,64.6,63.0,72.7,52.9,67.8,61.4,42.9,67.0,64.3,70.7,74.2,64.6,43.9,2022/10/09,2022-10-09,7
washington-commanders,2022,6,@,32,23176,Chicago Bears,10/13,8:15pm,W,12,7,68.8,59.8,55.4,75.6,49.9,60.4,72.1,72.1,48.4,39.6,88.6,71.9,84.9,2022/10/13,2022-10-13,4
washington-commanders,2022,7,,32,23197,Green Bay Packers,10/23,1:00pm,W,23,21,57.5,56.4,33.0,42.1,71.7,65.6,50.0,59.0,71.9,55.0,53.8,59.0,66.9,2022/10/23,2022-10-23,10
