player,player_id,position,team_name,player_game_count,accuracy_percent,aimed_passes,attempts,avg_depth_of_target,avg_time_to_throw,bats,big_time_throws,btt_rate,completion_percent,completions,declined_penalties,def_gen_pressures,drop_rate,dropbacks,drops,first_downs,franchise_id,grades_hands_fumble,grades_offense,grades_pass,grades_run,hit_as_threw,interceptions,passing_snaps,penalties,pressure_to_sack_rate,qb_rating,sack_percent,sacks,scrambles,spikes,thrown_aways,touchdowns,turnover_worthy_plays,twp_rate,yards,ypa,week,year
Joe Flacco,4332,QB,NYJ,1,80.4,51,59,5.7,2.63,1,0,0.0,62.7,37,0,22,9.8,62,4,19,22,82.3,67.7,67.5,58.2,4,1,66,1,13.6,74.8,4.8,3,0,0,3,1,0,0.0,309,5.2,1,2022
Joe Burrow,28022,QB,CIN,1,71.4,49,53,7.9,2.64,2,0,0.0,62.3,33,0,19,5.7,65,2,24,7,43.8,53.7,51.5,66.3,1,4,71,0,36.8,61.7,10.8,7,5,0,1,2,4,5.6,338,6.4,1,2022
Matt Ryan,4317,QB,IND,1,72.3,47,50,7.0,2.55,2,0,0.0,64.0,32,0,12,5.9,54,2,22,14,19.8,58.9,61.2,46.2,0,1,56,0,16.7,83.1,3.7,2,2,0,1,1,4,7.1,352,7.0,1,2022
Trevor Lawrence,77632,QB,JAX,1,69.4,36,42,10.6,2.7,2,1,2.2,57.1,24,0,21,4.0,45,1,14,15,80.6,56.3,56.8,55.9,1,1,50,2,9.5,75.0,4.4,2,1,0,3,1,1,2.0,275,6.5,1,2022
Russell Wilson,7077,QB,DEN,1,75.6,41,42,8.0,2.89,1,1,2.3,69.0,29,0,14,6.5,45,2,13,10,80.0,54.0,57.6,58.3,0,0,47,2,14.3,101.3,4.4,2,1,0,0,1,2,4.3,340,8.1,1,2022
Matthew Stafford,4924,QB,LA,1,79.5,39,41,6.2,2.52,1,2,4.8,70.7,29,0,19,6.5,50,2,15,26,32.5,64.7,63.1,62.6,0,3,51,0,36.8,63.1,14.0,7,1,0,1,1,2,3.9,240,5.9,1,2022
Carson Wentz,10636,QB,WAS,1,73.7,38,41,7.4,2.56,2,3,6.4,65.9,27,0,9,3.6,45,1,16,32,81.1,67.6,68.7,53.6,1,2,52,0,11.1,101.0,2.2,1,3,0,0,4,2,3.8,313,7.6,1,2022
Patrick Mahomes,11765,QB,KC,1,79.5,39,39,8.1,2.53,0,1,2.4,76.9,30,0,17,3.2,41,1,23,16,79.6,74.2,75.1,51.5,0,0,44,0,0.0,144.2,0.0,0,2,0,0,5,1,2.3,360,9.2,1,2022
Mitchell Trubisky,11757,QB,PIT,1,63.6,33,38,8.5,2.57,1,2,5.1,55.3,21,0,14,0.0,41,0,9,25,79.7,62.0,60.4,64.2,2,0,43,0,7.1,78.2,2.4,1,2,1,1,1,1,2.3,194,5.1,1,2022
Davis Mills,52269,QB,HST,1,71.4,35,37,7.4,2.25,1,0,0.0,62.2,23,0,12,8.0,40,2,12,13,29.2,68.1,67.7,60.0,0,0,42,1,25.0,98.9,7.5,3,0,0,1,2,1,2.4,240,6.5,1,2022
Derek Carr,8671,QB,LV,1,66.7,33,37,10.0,2.67,1,1,2.6,59.5,22,0,11,0.0,42,0,17,23,22.0,41.5,42.3,,1,3,44,0,45.5,69.1,11.9,5,0,0,2,2,5,11.4,295,8.0,1,2022
Jared Goff,10635,QB,DET,1,67.6,37,37,8.1,2.44,0,1,2.6,56.8,21,0,11,16.0,39,4,13,11,79.3,49.5,47.6,65.4,0,1,41,0,9.1,80.3,2.6,1,1,0,0,2,2,4.9,215,5.8,1,2022
Kyler Murray,38334,QB,ARZ,1,75.9,29,34,7.9,2.86,2,1,2.8,64.7,22,0,16,0.0,37,0,11,1,79.5,59.0,55.7,68.9,0,0,39,0,12.5,99.3,5.4,2,1,0,3,2,2,5.1,193,5.7,1,2022
Jacoby Brissett,10725,QB,CLV,1,66.7,30,34,7.7,2.87,0,0,0.0,52.9,18,0,12,10.0,38,2,7,8,79.7,46.9,48.1,57.5,0,0,43,2,8.3,74.0,2.6,1,3,2,2,1,2,4.7,147,4.3,1,2022
Justin Herbert,28237,QB,LAC,1,84.8,33,34,7.1,2.91,0,2,5.9,76.5,26,0,15,7.1,35,2,12,27,79.3,79.8,79.5,60.0,1,0,36,0,0.0,129.4,0.0,0,1,0,0,3,0,0.0,279,8.2,1,2022
Jameis Winston,9434,QB,NO,1,77.4,31,34,9.6,2.62,0,2,5.6,67.6,23,0,12,4.2,40,1,12,20,79.3,79.6,77.8,63.0,0,0,42,1,33.3,111.0,10.0,4,2,2,1,2,1,2.4,269,7.9,1,2022
Aaron Rodgers,2241,QB,GB,1,80.0,30,34,5.9,2.58,1,1,2.9,64.7,22,0,11,8.3,38,2,9,12,28.1,60.1,59.5,60.0,0,1,38,0,36.4,67.6,10.5,4,0,0,3,0,2,5.3,195,5.7,1,2022
Tua Tagovailoa,60326,QB,MIA,1,77.4,31,33,8.3,2.66,0,0,0.0,69.7,23,0,13,4.2,37,1,13,17,28.4,53.3,52.8,60.0,0,0,37,0,23.1,104.4,8.1,3,0,0,2,1,2,5.4,270,8.2,1,2022
Marcus Mariota,9435,QB,ATL,1,62.5,32,33,8.7,2.91,0,0,0.0,60.6,20,0,4,0.0,37,0,8,2,22.9,58.9,59.8,56.2,0,0,39,0,0.0,79.7,0.0,0,4,1,0,0,2,5.1,215,6.5,1,2022
Ryan Tannehill,7014,QB,TEN,1,80.0,30,33,9.6,2.7,1,1,2.7,60.6,20,0,9,16.7,35,4,14,31,79.1,81.1,80.2,65.4,0,0,39,1,11.1,106.4,2.9,1,1,1,1,2,0,0.0,266,8.1,1,2022
Jalen Hurts,40291,QB,PHI,1,83.3,24,32,5.1,3.06,3,1,2.9,56.3,18,0,17,10.0,42,2,17,24,81.0,76.8,80.8,65.9,1,0,44,2,5.9,80.6,2.4,1,9,0,4,0,0,0.0,243,7.6,1,2022
Kirk Cousins,7102,QB,MIN,1,88.5,26,32,5.2,2.76,0,1,3.0,71.9,23,0,14,0.0,33,0,12,18,78.1,82.8,83.4,,2,0,34,1,7.1,118.9,3.0,1,0,0,4,2,0,0.0,277,8.7,1,2022
Josh Allen,46601,QB,BUF,1,87.1,31,31,7.4,2.43,0,2,6.5,83.9,26,0,7,3.7,38,1,19,4,79.8,91.5,90.3,74.6,0,2,38,0,28.6,112.0,5.3,2,5,0,0,3,1,2.6,297,9.6,1,2022
Mac Jones,60323,QB,NE,1,72.4,29,30,9.3,2.33,1,1,3.1,70.0,21,0,4,0.0,33,0,10,19,78.3,66.2,66.3,57.4,0,1,35,0,50.0,87.2,6.1,2,1,0,0,1,0,0.0,213,7.1,1,2022
Lamar Jackson,46416,QB,BLT,1,67.9,28,30,12.4,3.3,1,2,6.5,56.7,17,0,11,10.5,34,2,9,3,79.4,76.8,72.0,73.6,0,1,35,0,18.2,98.3,5.9,2,2,0,1,3,1,2.9,213,7.1,1,2022
Dak Prescott,10769,QB,DAL,1,55.6,27,29,7.4,2.49,0,0,0.0,48.3,14,0,12,6.7,31,1,6,9,78.6,37.4,36.3,63.7,1,1,34,0,16.7,47.2,6.5,2,0,0,1,0,2,5.9,134,4.6,1,2022
Trey Lance,91399,QB,SF,1,61.5,26,28,8.2,3.22,1,2,6.9,46.4,13,0,13,18.8,35,3,7,28,29.9,53.7,52.2,59.2,0,1,36,0,15.4,50.3,5.7,2,4,0,1,0,1,2.8,164,5.9,1,2022
Geno Smith,7820,QB,SEA,1,88.5,26,28,5.0,2.73,1,1,3.1,82.1,23,0,11,0.0,31,0,9,29,79.4,84.3,78.3,78.1,0,0,35,0,18.2,119.5,6.5,2,1,0,1,2,0,0.0,195,7.0,1,2022
Baker Mayfield,46518,QB,CAR,1,76.2,21,28,6.2,2.54,4,1,3.3,57.1,16,0,14,0.0,33,0,8,5,20.5,47.0,53.8,44.9,1,1,35,1,28.6,81.7,12.1,4,1,0,2,1,2,5.7,235,8.4,1,2022
Tom Brady,698,QB,TB,1,70.4,27,27,11.2,2.19,0,1,3.7,66.7,18,0,9,5.3,29,1,9,30,77.7,70.0,68.8,60.0,0,1,29,0,22.2,87.3,6.9,2,0,0,0,1,1,3.4,212,7.9,1,2022
Daniel Jones,39395,QB,NYG,1,89.5,19,21,6.9,3.03,1,0,0.0,81.0,17,0,15,0.0,28,0,9,21,78.2,57.4,62.6,52.7,0,1,30,1,26.7,115.9,14.3,4,3,0,1,2,1,3.3,188,9.0,1,2022
Justin Fields,82118,QB,CHI,1,47.1,17,17,10.2,3.64,0,0,0.0,47.1,8,1,10,0.0,23,0,5,6,77.9,44.2,34.6,65.9,0,1,24,1,20.0,85.7,8.7,2,4,0,0,2,3,12.5,121,7.1,1,2022
Cooper Rush,12324,QB,DAL,1,66.7,12,13,14.0,2.55,0,0,0.0,53.8,7,0,5,12.5,15,1,2,9,73.9,56.6,56.7,,0,0,16,1,40.0,67.5,13.3,2,0,0,1,0,0,0.0,64,4.9,1,2022
Jordan Love,40306,QB,GB,1,100.0,4,5,6.5,1.78,0,0,0.0,80.0,4,0,1,0.0,5,0,4,12,68.0,55.5,55.8,,0,0,5,0,0.0,118.8,0.0,0,0,1,0,0,0,0.0,65,13.0,1,2022
Trace McSorley,32819,QB,ARZ,1,66.7,3,4,4.3,3.56,0,0,0.0,50.0,2,0,3,0.0,7,0,2,1,70.6,60.8,61.0,59.9,1,0,7,0,33.3,56.3,14.3,1,2,0,0,0,0,0.0,12,3.0,1,2022
Tua Tagovailoa,60326,QB,MIA,1,78.0,50,50,7.8,2.45,0,2,3.9,72.0,36,0,10,7.7,51,3,22,17,80.9,85.2,83.6,60.3,0,2,53,0,10.0,124.1,2.0,1,0,0,0,6,2,3.8,469,9.4,2,2022
Kyler Murray,38334,QB,ARZ,1,75.0,44,49,5.9,2.43,1,3,5.6,63.3,31,0,9,6.1,52,2,15,1,82.0,82.8,73.9,90.4,1,1,60,1,11.1,76.7,1.9,1,2,0,3,1,1,1.7,277,5.7,2,2022
Justin Herbert,28237,QB,LAC,1,79.1,43,48,6.0,2.69,3,1,2.0,68.8,33,0,18,2.9,50,1,15,27,80.9,64.0,62.2,64.7,0,1,51,0,11.1,100.5,4.0,2,0,0,2,3,1,2.0,334,7.0,2,2022
Kirk Cousins,7102,QB,MIN,1,67.4,46,46,5.9,2.54,0,2,4.3,58.7,27,0,16,12.9,50,4,17,18,33.2,53.3,51.7,66.4,0,3,52,0,12.5,51.1,4.0,2,2,0,0,1,4,7.7,221,4.8,2,2022
Carson Wentz,10636,QB,WAS,1,80.5,41,46,8.7,2.87,0,1,2.1,65.2,30,0,21,9.1,53,3,17,32,80.9,57.4,55.4,74.0,1,1,55,2,23.8,99.6,9.4,5,2,0,4,3,3,5.5,337,7.3,2,2022
Joe Flacco,4332,QB,NYJ,1,72.5,40,44,10.5,2.64,1,2,4.3,59.1,26,0,18,10.3,47,3,16,22,80.2,79.6,77.3,64.7,2,0,49,0,11.1,110.7,4.3,2,1,0,1,4,0,0.0,307,7.0,2,2022
Jameis Winston,9434,QB,NO,1,65.0,40,40,12.9,2.76,0,2,4.8,62.5,25,0,15,3.8,47,1,9,20,30.0,46.9,48.2,56.8,0,3,49,0,40.0,55.8,12.8,6,1,0,0,1,4,8.2,236,5.9,2,2022
Derek Carr,8671,QB,LV,1,74.3,35,39,6.5,2.21,1,0,0.0,64.1,25,0,13,3.8,41,1,14,23,79.6,59.2,59.1,58.3,2,0,44,0,7.7,99.5,2.4,1,1,0,1,2,1,2.3,252,6.5,2,2022
Davis Mills,52269,QB,HST,1,64.7,34,38,9.4,2.43,1,0,0.0,50.0,19,0,11,13.6,41,3,6,13,79.6,55.3,53.8,64.4,2,0,43,0,27.3,63.2,7.3,3,0,0,1,0,0,0.0,177,4.7,2,2022
Josh Allen,46601,QB,BUF,1,84.4,32,38,8.9,2.54,3,2,4.9,68.4,26,0,8,3.7,40,1,14,4,79.5,79.0,76.3,63.9,1,0,43,1,12.5,128.9,2.5,1,1,0,2,4,1,2.3,317,8.3,2,2022
Matthew Stafford,4924,QB,LA,1,79.4,34,36,8.0,2.59,0,2,5.6,75.0,27,0,6,0.0,37,0,16,26,78.6,63.9,63.0,,0,2,37,0,16.7,100.7,2.7,1,0,0,2,3,3,8.1,272,7.6,2,2022
Joe Burrow,28022,QB,CIN,1,78.1,32,36,5.7,2.46,1,0,0.0,66.7,24,0,15,4.0,45,1,14,7,29.7,69.4,66.5,68.1,0,0,46,0,40.0,89.9,13.3,6,3,0,3,1,1,2.2,199,5.5,2,2022
Patrick Mahomes,11765,QB,KC,1,78.1,32,35,7.6,2.46,0,3,7.9,68.6,24,0,13,4.0,36,1,11,16,79.3,61.2,62.3,60.0,1,0,39,1,7.7,106.3,2.8,1,0,0,2,2,3,7.7,235,6.7,2,2022
Mac Jones,60323,QB,NE,1,66.7,33,35,9.3,2.81,0,0,0.0,60.0,21,0,13,4.5,38,1,11,19,79.9,49.3,50.7,63.7,0,1,40,2,0.0,79.7,0.0,0,3,0,2,1,2,5.0,252,7.2,2,2022
Tom Brady,698,QB,TB,1,62.5,32,34,9.7,2.32,1,3,8.3,52.9,18,0,4,10.0,35,2,8,30,28.7,69.5,76.5,31.7,0,0,37,0,25.0,79.3,2.9,1,0,0,1,1,0,0.0,190,5.6,2,2022
Jared Goff,10635,QB,DET,1,67.6,34,34,8.8,2.63,0,2,5.9,58.8,20,0,13,13.0,37,3,12,11,79.0,61.6,60.8,60.0,0,0,37,0,23.1,121.7,8.1,3,0,0,0,4,1,2.7,256,7.5,2,2022
Daniel Jones,39395,QB,NYG,1,76.7,30,34,6.3,3.27,1,0,0.0,64.7,22,0,20,4.3,43,1,11,21,80.6,51.5,51.3,56.5,1,0,46,0,15.0,87.4,7.0,3,6,0,2,1,1,2.2,176,5.2,2,2022
Mitchell Trubisky,11757,QB,PIT,1,66.7,33,33,7.8,2.57,0,1,2.9,63.6,21,0,8,4.5,37,1,11,25,78.7,61.6,63.5,58.3,0,1,38,1,37.5,73.8,8.1,3,1,0,0,1,1,2.6,168,5.1,2,2022
Cooper Rush,12324,QB,DAL,1,69.0,29,31,6.4,2.21,1,0,0.0,61.3,19,0,10,5.0,34,1,11,9,78.4,53.6,53.8,58.3,0,0,36,0,10.0,95.5,2.9,1,1,1,0,1,2,5.6,235,7.6,2,2022
Russell Wilson,7077,QB,DEN,1,55.6,27,31,10.6,2.76,1,1,2.8,45.2,14,0,12,6.7,35,1,11,10,79.4,62.3,62.2,57.8,0,1,41,0,25.0,66.5,8.6,3,1,0,3,1,0,0.0,219,7.1,2,2022
Jalen Hurts,40291,QB,PHI,1,87.1,31,31,9.1,3.0,0,2,5.6,83.9,26,0,9,3.7,38,1,14,24,32.6,83.4,90.7,48.8,0,1,43,0,22.2,108.7,5.3,2,5,0,0,1,0,0.0,333,10.7,2,2022
Matt Ryan,4317,QB,IND,1,63.0,27,30,10.5,2.95,1,1,3.2,53.3,16,0,14,5.9,35,1,6,14,78.3,51.8,51.8,,1,3,36,0,35.7,34.0,14.3,5,0,0,1,0,2,5.6,195,6.5,2,2022
Trevor Lawrence,77632,QB,JAX,1,90.0,30,30,6.5,2.31,0,1,3.1,83.3,25,0,4,7.4,31,2,14,15,78.6,75.3,73.7,62.9,0,0,33,0,0.0,121.5,0.0,0,0,0,0,2,1,3.0,235,7.8,2,2022
Geno Smith,7820,QB,SEA,1,82.8,29,30,5.4,2.66,0,1,3.1,80.0,24,0,14,0.0,32,0,10,29,78.6,58.1,61.0,49.9,0,1,34,1,14.3,80.1,6.3,2,0,0,1,0,2,5.9,197,6.6,2,2022
Baker Mayfield,46518,QB,CAR,1,57.7,26,29,8.1,3.21,1,0,0.0,48.3,14,0,14,6.7,36,1,8,5,79.1,48.8,48.6,57.4,0,0,40,0,14.3,74.6,5.6,2,5,0,2,1,1,2.5,145,5.0,2,2022
Lamar Jackson,46416,QB,BLT,1,82.1,28,29,11.6,2.66,1,2,6.3,72.4,21,0,8,8.7,31,2,15,3,29.3,66.4,68.8,59.3,0,0,34,1,0.0,142.6,0.0,0,2,0,0,3,1,2.9,318,11.0,2,2022
Jacoby Brissett,10725,QB,CLV,1,85.2,27,27,6.6,2.93,0,1,3.6,81.5,22,0,9,4.3,32,1,17,8,78.4,83.2,79.1,72.6,0,1,33,0,11.1,98.9,3.1,1,4,0,0,1,1,3.0,229,8.5,2,2022
Marcus Mariota,9435,QB,ATL,1,75.0,24,26,8.4,3.19,1,1,3.4,65.4,17,0,12,5.6,32,1,12,2,27.8,60.5,61.3,55.8,0,2,35,0,25.0,81.6,9.4,3,3,0,1,2,2,5.7,196,7.5,2,2022
Aaron Rodgers,2241,QB,GB,1,82.6,23,25,5.6,2.64,0,2,7.7,76.0,19,0,8,0.0,29,0,10,12,78.1,83.5,84.2,58.9,0,0,30,0,37.5,131.1,10.3,3,1,0,2,2,0,0.0,234,9.4,2,2022
Jimmy Garoppolo,8697,QB,SF,1,73.7,19,21,8.2,2.25,2,1,4.0,61.9,13,0,5,7.1,22,1,7,28,77.7,66.5,65.4,61.6,0,0,26,0,20.0,100.1,4.5,1,0,0,0,1,0,0.0,154,7.3,2,2022
Ryan Tannehill,7014,QB,TEN,1,61.1,18,20,8.4,2.45,0,0,0.0,55.0,11,0,10,0.0,22,0,6,31,76.4,44.1,41.8,62.6,2,2,24,0,20.0,32.7,9.1,2,0,0,0,0,2,8.3,117,5.9,2,2022
Justin Fields,82118,QB,CHI,1,72.7,11,11,10.8,3.4,0,0,0.0,63.6,7,0,9,12.5,17,1,3,6,24.3,40.8,50.6,44.4,0,1,17,1,33.3,43.7,17.6,3,3,0,0,0,1,5.9,70,6.4,2,2022
Malik Willis,60341,QB,TEN,1,33.3,3,4,7.7,3.7,0,0,0.0,25.0,1,0,4,0.0,6,0,1,31,17.9,39.7,48.0,46.3,0,0,6,0,0.0,39.6,0.0,0,2,0,1,0,0,0.0,6,1.5,2,2022
Trey Lance,91399,QB,SF,1,100.0,2,3,3.5,2.27,0,0,0.0,66.7,2,0,2,0.0,3,0,1,28,69.8,55.3,59.8,54.6,1,0,3,0,0.0,99.3,0.0,0,0,0,0,0,0,0.0,30,10.0,2,2022
Case Keenum,7323,QB,BUF,1,0.0,2,2,13.0,1.85,0,0,0.0,0.0,0,0,0,,2,0,0,4,69.1,44.5,43.9,57.7,0,0,2,0,,39.6,0.0,0,0,0,0,0,0,0.0,0,0.0,2,2022
DeeJay Dallas,55632,HB,SEA,1,0.0,1,1,14.0,3.0,0,0,0.0,0.0,0,0,0,,1,0,0,29,69.5,11.4,22.2,,0,1,1,0,,0.0,0.0,0,0,0,0,0,1,100.0,0,0.0,2,2022
Braden Mann,44664,P,NYJ,1,100.0,1,1,6.0,2.1,0,0,0.0,100.0,1,0,0,0.0,1,0,1,22,60.4,70.7,67.2,,0,0,1,0,,118.8,0.0,0,0,0,0,0,0,0.0,17,17.0,2,2022
Josh Allen,46601,QB,BUF,1,75.0,56,63,5.9,2.74,1,4,6.3,66.7,42,0,32,0.0,73,0,26,4,45.8,53.8,47.0,86.6,0,0,74,1,12.5,94.7,5.5,4,5,1,5,2,6,8.1,400,6.3,3,2022
Kyler Murray,38334,QB,ARZ,1,76.4,55,58,6.0,2.21,0,1,1.7,63.8,37,0,11,11.9,62,5,15,1,81.7,61.9,62.6,54.2,0,0,63,0,18.2,77.9,3.2,2,2,0,3,0,0,0.0,315,5.4,3,2022
Joe Flacco,4332,QB,NYJ,1,69.8,43,52,9.4,2.61,2,1,1.9,53.8,28,0,21,6.7,56,2,14,22,19.9,27.1,27.7,,1,2,58,0,19.0,53.8,7.1,4,0,0,6,0,6,10.3,285,5.5,3,2022
Justin Herbert,28237,QB,LAC,1,66.7,39,45,9.2,2.84,1,2,4.2,55.6,25,0,20,3.8,47,1,14,27,30.4,62.9,61.1,63.9,1,1,50,0,5.0,74.0,2.1,1,1,0,4,1,2,4.0,297,6.6,3,2022
Geno Smith,7820,QB,SEA,1,74.4,43,44,9.8,2.37,0,2,4.4,72.7,32,0,12,0.0,46,0,15,29,80.4,69.2,67.6,63.6,0,1,47,0,16.7,99.1,4.3,2,0,0,1,2,4,8.5,325,7.4,3,2022
Derek Carr,8671,QB,LV,1,73.7,38,44,11.4,2.83,0,4,8.2,59.1,26,0,13,7.1,47,2,16,23,80.6,78.4,74.1,76.0,3,1,52,2,7.7,85.7,2.1,1,2,0,3,2,2,3.8,303,6.9,3,2022
Carson Wentz,10636,QB,WAS,1,74.4,39,43,8.3,2.7,2,1,2.2,58.1,25,0,23,13.8,55,4,11,32,35.6,64.0,63.4,60.3,1,0,58,0,39.1,71.0,16.4,9,3,0,1,0,1,1.7,211,4.9,3,2022
Tom Brady,698,QB,TB,1,80.0,40,42,6.1,2.17,0,0,0.0,73.8,31,0,8,3.1,45,1,15,30,80.6,68.6,66.7,64.7,0,0,50,0,37.5,98.5,6.7,3,0,0,2,1,0,0.0,272,6.5,3,2022
Jared Goff,10635,QB,DET,1,70.3,37,41,9.3,2.81,0,0,0.0,61.0,25,0,14,3.8,43,1,14,11,79.8,64.2,64.8,54.2,0,1,45,0,0.0,79.0,0.0,0,2,1,3,1,2,4.4,277,6.8,3,2022
Kirk Cousins,7102,QB,MIN,1,71.4,35,41,8.5,2.79,1,1,2.2,58.5,24,0,14,4.0,42,1,16,18,80.2,76.6,75.0,60.0,2,0,47,0,7.1,93.5,2.4,1,0,1,2,2,0,0.0,260,6.3,3,2022
Jameis Winston,9434,QB,NO,1,74.3,35,41,13.1,2.52,2,3,6.7,61.0,25,0,13,3.8,42,1,14,20,30.0,67.6,71.6,60.0,1,2,46,0,7.7,76.6,2.4,1,0,0,3,1,2,4.3,353,8.6,3,2022
Trevor Lawrence,77632,QB,JAX,1,78.4,37,39,5.6,2.28,1,2,5.0,71.8,28,0,9,3.4,40,1,16,15,79.6,77.4,76.0,62.5,1,0,41,0,0.0,115.5,0.0,0,1,0,0,3,1,2.4,262,6.7,3,2022
Daniel Jones,39395,QB,NYG,1,77.4,31,37,6.5,3.37,1,2,4.9,54.1,20,0,27,16.7,49,4,13,21,81.2,64.5,59.7,75.6,0,1,54,2,18.5,57.9,10.2,5,7,0,5,0,2,3.7,196,5.3,3,2022
Matt Ryan,4317,QB,IND,1,85.3,34,37,4.9,2.48,0,0,0.0,73.0,27,0,12,6.9,43,2,12,14,22.6,56.1,54.8,62.8,1,0,45,0,41.7,105.9,11.6,5,1,0,2,2,2,4.4,222,6.0,3,2022
Joe Burrow,28022,QB,CIN,1,73.5,34,36,9.0,2.69,0,3,7.9,63.9,23,0,13,8.0,39,2,12,7,80.0,71.9,75.5,58.6,1,0,41,2,15.4,114.9,5.1,2,1,0,1,3,3,7.3,275,7.6,3,2022
Patrick Mahomes,11765,QB,KC,1,75.9,29,35,8.1,3.09,1,1,2.6,57.1,20,0,14,9.1,42,2,15,16,79.9,77.7,72.4,77.4,0,1,46,0,7.1,78.5,2.4,1,4,0,5,1,0,0.0,262,7.5,3,2022
Aaron Rodgers,2241,QB,GB,1,82.4,34,35,5.4,2.4,0,1,2.8,77.1,27,0,11,3.6,36,1,11,12,78.8,70.3,69.1,60.0,0,1,37,1,9.1,103.9,2.8,1,0,0,1,2,1,2.7,255,7.3,3,2022
Jalen Hurts,40291,QB,PHI,1,66.7,33,35,11.8,3.01,1,3,8.1,62.9,22,0,10,0.0,41,0,16,24,80.6,63.7,70.9,42.1,0,0,43,0,20.0,123.5,4.9,2,4,0,1,3,1,2.3,340,9.7,3,2022
Russell Wilson,7077,QB,DEN,1,75.0,32,33,6.8,2.69,0,1,2.8,60.6,20,0,16,16.7,40,4,9,10,80.2,64.4,63.1,62.2,0,0,44,0,25.0,75.8,10.0,4,3,0,1,0,0,0.0,184,5.6,3,2022
Mitchell Trubisky,11757,QB,PIT,1,71.9,32,32,11.9,2.89,0,3,8.3,62.5,20,0,10,13.0,33,3,10,25,79.0,80.3,77.6,67.8,0,0,37,0,10.0,81.1,3.0,1,0,0,0,0,0,0.0,207,6.5,3,2022
Davis Mills,52269,QB,HST,1,73.3,30,32,7.7,2.5,1,0,0.0,62.5,20,0,9,9.1,33,2,9,13,78.3,71.4,70.1,,0,2,35,0,11.1,70.4,3.0,1,0,0,1,1,1,2.9,245,7.7,3,2022
Mac Jones,60323,QB,NE,1,68.8,32,32,12.3,3.1,0,5,14.7,68.8,22,0,12,0.0,40,0,14,19,79.3,62.0,61.0,61.1,0,3,42,0,25.0,62.1,7.5,3,5,0,0,0,4,9.5,321,10.0,3,2022
Cooper Rush,12324,QB,DAL,1,82.1,28,31,9.2,2.3,1,1,3.2,67.7,21,0,6,8.7,31,2,12,9,78.3,82.1,82.1,57.0,0,0,31,0,0.0,98.2,0.0,0,0,0,2,1,0,0.0,215,6.9,3,2022
Jacoby Brissett,10725,QB,CLV,1,79.3,29,31,7.2,2.42,1,2,6.5,67.7,21,0,7,8.7,33,2,12,8,78.8,92.5,90.4,79.7,1,0,34,0,28.6,109.6,6.1,2,0,0,0,2,0,0.0,220,7.1,3,2022
Lamar Jackson,46416,QB,BLT,1,73.1,26,29,10.4,3.55,1,3,10.3,62.1,18,0,14,5.3,34,1,12,3,80.2,85.6,74.5,88.0,0,1,34,0,28.6,110.3,11.8,4,1,0,2,4,1,2.9,218,7.5,3,2022
Jimmy Garoppolo,8697,QB,SF,1,64.3,28,29,8.9,2.5,1,1,3.3,62.1,18,0,11,0.0,33,0,9,28,27.7,42.4,47.3,43.9,0,1,35,0,36.4,81.3,12.1,4,0,0,0,1,2,5.7,211,7.3,3,2022
Ryan Tannehill,7014,QB,TEN,1,90.9,22,27,8.0,2.45,2,1,3.4,70.4,19,0,12,5.0,28,1,13,31,27.5,65.7,63.4,64.8,1,1,30,0,8.3,98.4,3.6,1,0,0,2,1,2,6.7,264,9.8,3,2022
Baker Mayfield,46518,QB,CAR,1,52.2,23,25,6.1,2.86,0,0,0.0,48.0,12,0,9,0.0,29,0,5,5,77.4,46.5,45.9,60.0,0,0,29,0,33.3,83.8,10.3,3,0,0,2,1,0,0.0,170,6.8,3,2022
Matthew Stafford,4924,QB,LA,1,80.0,25,25,8.2,2.59,0,2,8.0,72.0,18,0,7,10.0,27,2,11,26,77.3,82.7,82.5,65.3,0,0,27,1,14.3,103.6,3.7,1,1,0,0,0,0,0.0,249,10.0,3,2022
Marcus Mariota,9435,QB,ATL,1,68.4,19,21,15.7,3.29,0,2,8.7,61.9,13,0,9,0.0,26,0,13,2,77.9,64.2,66.7,53.1,0,1,28,0,33.3,95.1,11.5,3,2,0,2,1,1,3.6,229,10.9,3,2022
Tua Tagovailoa,60326,QB,MIA,1,82.4,17,18,10.4,2.45,0,2,9.5,72.2,13,0,5,7.1,19,1,8,17,76.3,80.5,82.1,56.7,1,0,22,0,20.0,123.8,5.3,1,0,0,0,1,1,4.5,186,10.3,3,2022
Justin Fields,82118,QB,CHI,1,60.0,15,17,8.7,3.0,1,0,0.0,47.1,8,1,12,11.1,25,1,7,6,77.7,56.3,48.4,70.5,0,2,26,1,41.7,27.7,20.0,5,3,0,1,0,2,7.7,106,6.2,3,2022
Teddy Bridgewater,8667,QB,MIA,1,0.0,1,2,-3.0,1.87,1,0,0.0,0.0,0,0,2,,3,0,0,17,65.5,56.1,56.4,,0,0,3,0,50.0,39.6,33.3,1,0,0,0,0,0,0.0,0,0.0,3,2022
Mack Hollins,11873,WR,LV,1,100.0,1,1,-6.0,3.4,0,0,0.0,100.0,1,0,0,0.0,1,0,0,23,70.6,85.9,60.0,,0,0,1,0,,83.3,0.0,0,0,0,0,0,0,0.0,4,4.0,3,2022
Tommy Townsend,33007,P,KC,1,0.0,1,1,1.0,3.4,0,0,0.0,0.0,0,0,0,,1,0,0,16,60.4,50.1,56.7,,0,0,1,0,,39.6,0.0,0,0,0,0,0,0,0.0,0,0.0,3,2022
Tom Brady,698,QB,TB,1,80.0,50,52,6.9,2.14,0,3,5.4,75.0,39,0,8,2.5,53,1,23,30,36.8,77.1,75.5,,1,0,57,0,12.5,114.7,1.9,1,0,0,1,3,1,1.8,385,7.4,4,2022
Matthew Stafford,4924,QB,LA,1,75.0,44,48,5.7,2.68,2,0,0.0,66.7,32,0,23,3.0,56,1,16,26,81.3,48.7,49.9,54.5,0,1,57,0,30.4,71.0,12.5,7,1,0,2,0,2,3.5,254,5.3,4,2022
Carson Wentz,10636,QB,WAS,1,65.8,38,42,8.1,2.42,0,1,2.3,59.5,25,0,19,0.0,45,0,10,32,80.0,49.5,46.9,65.6,0,2,47,2,10.5,56.6,4.4,2,1,0,4,1,2,4.3,170,4.0,4,2022
Jared Goff,10635,QB,DET,1,75.7,37,39,10.6,2.66,0,1,2.3,66.7,26,0,11,7.1,41,2,18,11,80.3,74.6,73.7,59.8,0,1,48,0,9.1,121.5,2.4,1,1,0,2,4,3,6.3,378,9.7,4,2022
Justin Herbert,28237,QB,LAC,1,78.4,37,39,7.3,2.71,0,1,2.5,69.2,27,1,11,6.9,40,2,15,27,80.0,72.9,71.5,61.0,0,0,41,1,9.1,113.2,2.5,1,0,0,2,2,1,2.4,340,8.7,4,2022
Kirk Cousins,7102,QB,MIN,1,82.4,34,38,8.4,2.59,0,1,2.3,65.8,25,0,11,10.7,41,3,14,18,80.1,67.5,67.0,62.6,0,1,46,2,27.3,84.6,7.3,3,0,0,4,1,2,4.3,273,7.2,4,2022
Patrick Mahomes,11765,QB,KC,1,76.5,34,37,8.9,2.68,0,4,10.5,62.2,23,0,13,11.5,43,3,19,16,79.8,88.0,82.4,79.4,0,1,44,0,23.1,97.7,7.0,3,3,0,3,3,1,2.3,249,6.7,4,2022
Matt Ryan,4317,QB,IND,1,82.4,34,37,7.1,2.71,1,0,0.0,73.0,27,0,11,3.6,41,1,17,14,28.7,69.8,69.6,57.8,0,1,42,1,27.3,109.7,7.3,3,1,0,2,2,1,2.4,356,9.6,4,2022
Josh Allen,46601,QB,BUF,1,75.0,32,36,7.4,2.73,2,0,0.0,52.8,19,0,12,20.8,42,5,17,4,46.9,86.8,79.9,80.4,0,1,43,0,8.3,68.4,2.4,1,5,0,2,1,0,0.0,213,5.9,4,2022
Baker Mayfield,46518,QB,CAR,1,75.0,32,36,6.5,2.31,4,0,0.0,61.1,22,0,6,8.3,39,2,8,5,79.3,58.9,60.9,51.5,0,2,40,0,33.3,61.9,5.1,2,0,0,0,1,1,2.5,197,5.5,4,2022
Zach Wilson,82096,QB,NYJ,1,73.3,30,36,8.8,3.31,1,1,2.6,50.0,18,0,15,18.2,40,4,11,22,79.6,69.1,63.4,66.1,1,2,43,0,6.7,59.0,2.5,1,2,0,4,1,4,9.3,252,7.0,4,2022
Davis Mills,52269,QB,HST,1,82.4,34,35,7.2,2.53,0,2,5.1,74.3,26,0,17,7.1,39,2,11,13,79.3,74.1,74.6,,1,2,43,1,23.5,88.5,10.3,4,0,0,0,2,1,2.3,246,7.0,4,2022
Aaron Rodgers,2241,QB,GB,1,67.7,31,35,9.6,2.26,0,4,11.1,60.0,21,0,8,0.0,37,0,12,12,78.7,74.0,73.6,58.3,0,1,38,0,12.5,89.1,2.7,1,1,0,4,2,1,2.6,251,7.2,4,2022
Jacoby Brissett,10725,QB,CLV,1,70.0,30,35,10.0,3.18,1,1,2.7,60.0,21,0,12,0.0,38,0,10,8,79.7,67.3,61.8,74.7,2,1,40,0,8.3,68.0,2.6,1,2,0,2,0,1,2.5,234,6.7,4,2022
Derek Carr,8671,QB,LV,1,73.3,30,34,8.5,2.55,0,0,0.0,61.8,21,0,12,4.5,39,1,14,23,79.9,65.1,60.5,71.5,0,0,40,0,16.7,76.7,5.1,2,3,0,4,0,1,2.5,189,5.6,4,2022
Kyler Murray,38334,QB,ARZ,1,82.1,28,32,7.3,2.82,2,0,0.0,71.9,23,0,11,0.0,35,0,11,1,25.2,59.9,57.0,63.8,0,1,40,0,9.1,96.7,2.9,1,2,0,2,2,2,5.0,207,6.5,4,2022
Joe Burrow,28022,QB,CIN,1,67.7,31,31,9.6,2.45,0,2,6.3,64.5,20,0,12,4.8,35,1,10,7,79.1,67.4,66.1,62.9,0,0,36,0,8.3,115.9,2.9,1,2,0,0,2,0,0.0,287,9.3,4,2022
Geno Smith,7820,QB,SEA,1,85.7,28,30,11.1,2.93,1,2,6.1,76.7,23,0,8,4.2,32,1,15,29,79.4,92.4,91.6,81.3,0,0,35,2,0.0,132.6,0.0,0,2,0,1,2,0,0.0,320,10.7,4,2022
Lamar Jackson,46416,QB,BLT,1,78.6,28,29,5.0,3.34,0,0,0.0,69.0,20,0,11,9.1,38,2,9,3,80.4,58.0,48.4,74.4,0,2,43,0,18.2,63.0,5.3,2,7,0,1,1,2,4.7,144,5.0,4,2022
Andy Dalton,6187,QB,NO,1,74.1,27,28,11.3,2.58,0,2,6.7,71.4,20,0,6,0.0,30,0,11,20,26.8,79.8,79.8,56.9,0,0,32,0,33.3,108.6,6.7,2,0,0,1,1,2,6.3,236,8.4,4,2022
Cooper Rush,12324,QB,DAL,1,72.7,22,27,10.8,2.99,2,2,6.5,55.6,15,0,9,6.3,29,1,9,9,78.2,56.0,54.4,62.3,0,0,33,0,11.1,107.5,3.4,1,1,0,3,2,2,6.1,223,8.3,4,2022
Jimmy Garoppolo,8697,QB,SF,1,70.8,24,27,6.0,2.23,1,2,7.4,59.3,16,0,3,5.9,28,1,10,28,77.0,87.5,85.0,62.6,1,0,28,0,0.0,100.7,0.0,0,1,0,1,1,0,0.0,239,8.9,4,2022
Russell Wilson,7077,QB,DEN,1,80.0,25,25,11.8,2.63,0,3,10.0,68.0,17,0,9,15.0,31,3,8,10,78.7,80.3,79.9,61.1,0,0,36,0,33.3,124.9,9.7,3,3,0,0,2,0,0.0,237,9.5,4,2022
Jalen Hurts,40291,QB,PHI,1,82.6,23,25,6.2,2.75,1,0,0.0,64.0,16,0,8,15.8,30,3,9,24,80.4,71.9,66.2,71.9,0,1,33,0,25.0,72.8,6.7,2,3,0,1,0,1,3.0,204,8.2,4,2022
Teddy Bridgewater,8667,QB,MIA,1,71.4,21,23,10.4,3.56,0,0,0.0,60.9,14,0,12,6.7,24,1,9,17,76.1,54.2,53.1,65.9,1,1,24,1,0.0,84.1,0.0,0,1,0,1,1,2,8.3,193,8.4,4,2022
Trevor Lawrence,77632,QB,JAX,1,72.7,22,23,7.2,2.51,0,0,0.0,47.8,11,0,9,31.3,27,5,9,15,13.8,27.6,29.0,47.8,0,1,28,0,44.4,84.3,14.8,4,0,0,1,2,4,14.3,174,7.6,4,2022
Justin Fields,82118,QB,CHI,1,63.2,19,22,9.9,3.54,1,1,4.3,50.0,11,0,18,8.3,35,1,10,6,78.3,67.0,60.2,73.0,0,0,36,0,33.3,76.7,17.1,6,7,0,2,0,0,0.0,174,7.9,4,2022
Ryan Tannehill,7014,QB,TEN,1,90.5,21,21,4.7,2.77,0,0,0.0,81.0,17,0,12,10.5,27,2,10,31,78.0,69.7,69.5,59.5,0,0,29,0,25.0,125.6,11.1,3,2,0,0,2,0,0.0,137,6.5,4,2022
Marcus Mariota,9435,QB,ATL,1,41.2,17,19,13.0,3.69,0,0,0.0,36.8,7,0,11,0.0,20,0,6,2,25.2,51.3,49.1,61.6,0,1,20,0,9.1,41.3,5.0,1,0,0,2,0,2,10.0,139,7.3,4,2022
Bailey Zappe,60396,QB,NE,1,78.6,14,15,5.5,3.21,0,0,0.0,66.7,10,0,6,9.1,18,1,4,19,22.6,51.0,53.6,,0,0,18,1,50.0,107.4,16.7,3,0,0,1,1,1,5.6,99,6.6,4,2022
Tua Tagovailoa,60326,QB,MIA,1,76.9,13,14,13.7,2.58,1,1,5.9,57.1,8,0,4,20.0,15,2,5,17,74.5,76.6,75.0,,0,1,18,0,25.0,52.7,6.7,1,0,0,0,0,2,11.1,110,7.9,4,2022
Daniel Jones,39395,QB,NYG,1,66.7,12,13,5.4,3.52,0,0,0.0,61.5,8,0,6,0.0,17,0,7,21,76.4,85.8,82.9,71.5,0,0,21,0,16.7,76.1,5.9,1,3,0,1,0,0,0.0,71,5.5,4,2022
Mitchell Trubisky,11757,QB,PIT,1,53.8,13,13,16.0,3.09,0,1,6.3,53.8,7,0,7,0.0,17,0,5,25,75.1,60.7,62.8,55.3,0,1,20,0,42.9,41.8,17.6,3,1,0,0,0,2,10.0,84,6.5,4,2022
Kenny Pickett,60515,QB,PIT,1,84.6,13,13,13.2,3.03,0,0,0.0,76.9,10,0,4,9.1,16,1,8,25,23.7,66.9,71.6,54.1,0,3,17,0,0.0,65.1,0.0,0,3,0,0,0,0,0.0,120,9.2,4,2022
Brian Hoyer,5277,QB,NE,1,83.3,6,6,4.2,1.97,0,0,0.0,83.3,5,0,3,0.0,7,0,2,19,69.6,63.7,62.9,,0,0,7,0,33.3,92.4,14.3,1,0,0,0,0,0,0.0,37,6.2,4,2022
Tyrod Taylor,6332,QB,NYG,1,66.7,3,3,21.0,3.3,0,0,0.0,33.3,1,0,2,50.0,5,1,3,21,16.2,47.3,54.1,50.4,0,1,5,0,0.0,5.6,0.0,0,2,0,0,0,2,40.0,11,3.7,4,2022
Jack Fox,34735,P,DET,1,100.0,1,1,6.0,2.0,0,0,0.0,100.0,1,0,0,0.0,1,0,1,11,60.4,70.7,67.2,,0,0,1,0,,91.7,0.0,0,0,0,0,0,0,0.0,6,6.0,4,2022
Tyler Boyd,10689,WR,CIN,1,100.0,1,1,21.0,3.2,0,0,0.0,100.0,1,0,0,0.0,1,0,1,7,65.7,66.3,74.8,,0,0,1,0,,118.8,0.0,0,0,0,0,0,0,0.0,23,23.0,4,2022
Ryan Wright,77591,P,MIN,1,100.0,1,1,13.0,1.9,0,0,0.0,100.0,1,0,0,0.0,1,0,1,18,60.4,73.1,68.8,,0,0,1,0,,118.8,0.0,0,0,0,0,0,0,0.0,13,13.0,4,2022
Braxton Berrios,47961,WR,NYJ,1,100.0,1,1,4.0,3.0,0,0,0.0,100.0,1,0,0,0.0,1,0,1,22,72.2,73.8,70.8,,0,0,1,0,,118.8,0.0,0,0,0,0,1,0,0.0,2,2.0,4,2022
Tom Brady,698,QB,TB,1,77.6,49,52,6.8,2.24,0,2,3.7,67.3,35,0,9,7.9,53,3,17,30,81.6,71.2,69.9,60.5,0,0,56,0,0.0,92.7,0.0,0,0,0,3,1,1,1.8,351,6.8,5,2022
Kenny Pickett,60515,QB,PIT,1,76.0,50,52,7.6,2.79,1,1,1.9,65.4,34,1,17,10.5,56,4,20,25,81.4,65.8,64.7,65.9,0,1,59,1,17.6,74.8,5.4,3,1,0,1,0,3,5.1,327,6.3,5,2022
Trevor Lawrence,77632,QB,JAX,1,68.2,44,47,11.0,2.82,1,3,6.3,53.2,25,0,13,16.7,50,5,16,15,80.7,65.0,60.6,75.6,0,2,51,0,0.0,54.5,0.0,0,3,1,1,0,1,2.0,291,6.2,5,2022
Patrick Mahomes,11765,QB,KC,1,77.5,40,43,6.9,2.56,0,1,2.2,67.4,29,0,14,6.5,48,2,18,16,80.9,82.6,80.0,67.6,1,0,51,0,21.4,117.6,6.3,3,2,0,2,4,0,0.0,292,6.8,5,2022
Matthew Stafford,4924,QB,LA,1,72.5,40,42,7.4,2.65,0,1,2.3,66.7,28,0,20,3.4,47,1,9,26,22.7,42.2,42.7,,0,1,48,0,25.0,86.2,10.6,5,0,0,2,1,3,6.3,308,7.3,5,2022
Kyler Murray,38334,QB,ARZ,1,76.3,38,42,7.0,2.24,0,0,0.0,66.7,28,0,15,3.4,45,1,16,1,80.3,63.9,61.4,66.8,0,1,45,0,6.7,80.5,2.2,1,1,2,2,1,1,2.2,250,6.0,5,2022
Matt Ryan,4317,QB,IND,1,80.0,35,41,6.0,2.79,0,0,0.0,63.4,26,0,24,7.1,48,2,14,14,32.0,39.0,42.2,55.3,0,2,53,1,25.0,60.4,12.5,6,1,1,5,0,3,5.7,254,6.2,5,2022
Kirk Cousins,7102,QB,MIN,1,91.7,36,41,4.7,2.51,1,1,2.2,78.0,32,0,9,3.0,43,1,18,18,80.6,71.3,68.1,70.5,1,1,47,0,11.1,94.7,2.3,1,1,1,2,1,1,2.1,296,7.2,5,2022
Russell Wilson,7077,QB,DEN,1,68.6,35,39,10.9,2.69,2,1,2.5,53.8,21,0,9,12.5,45,3,12,10,29.9,40.9,38.5,66.8,0,2,46,0,44.4,54.9,8.9,4,2,0,2,0,4,8.7,274,7.0,5,2022
Aaron Rodgers,2241,QB,GB,1,71.4,35,39,7.3,2.36,3,1,2.4,64.1,25,0,13,0.0,41,0,15,12,79.3,60.2,59.6,,0,0,43,0,15.4,96.3,4.9,2,0,0,1,2,0,0.0,222,5.7,5,2022
Carson Wentz,10636,QB,WAS,1,77.1,35,38,9.0,2.61,2,5,11.9,65.8,25,0,12,7.4,43,2,12,32,30.7,74.3,72.7,57.6,0,1,47,0,25.0,102.9,7.0,3,2,0,1,2,2,4.3,359,9.4,5,2022
Baker Mayfield,46518,QB,CAR,1,66.7,33,36,7.5,2.68,0,2,5.1,55.6,20,0,11,9.1,41,2,7,5,79.6,66.3,65.5,,1,1,44,0,36.4,61.7,9.8,4,0,0,2,0,1,2.3,215,6.0,5,2022
Jalen Hurts,40291,QB,PHI,1,84.8,33,36,3.5,2.59,1,1,2.8,72.2,26,0,13,7.1,40,2,14,24,81.5,71.8,58.4,84.3,0,0,41,0,15.4,89.9,5.0,2,2,0,2,0,2,4.9,239,6.6,5,2022
Jared Goff,10635,QB,DET,1,70.0,30,35,9.1,3.06,0,2,5.4,54.3,19,0,16,9.5,39,2,9,11,28.7,56.7,58.4,51.4,0,1,41,0,12.5,62.7,5.1,2,2,0,5,0,2,4.9,229,6.5,5,2022
Joe Burrow,28022,QB,CIN,1,80.0,30,35,4.2,2.28,3,0,0.0,68.6,24,0,5,0.0,37,0,10,7,79.8,58.6,56.4,66.4,1,1,41,0,40.0,82.7,5.4,2,0,0,1,1,1,2.4,217,6.2,5,2022
Jacoby Brissett,10725,QB,CLV,1,71.0,31,34,10.2,2.89,0,2,5.6,61.8,21,0,8,4.5,36,1,16,8,79.0,70.5,64.6,79.1,0,1,38,0,0.0,79.3,0.0,0,2,0,3,1,1,2.6,230,6.8,5,2022
Justin Herbert,28237,QB,LAC,1,75.0,32,34,5.5,2.79,1,0,0.0,64.7,22,0,12,8.3,38,2,14,27,79.5,64.9,65.1,57.1,0,0,40,0,8.3,93.8,2.6,1,3,0,1,1,0,0.0,228,6.7,5,2022
Skylar Thompson,60417,QB,MIA,1,71.0,31,33,7.2,2.67,0,1,2.8,57.6,19,0,21,13.6,35,3,8,17,28.0,58.2,57.4,65.9,0,1,39,1,9.5,58.4,5.7,2,0,0,2,0,2,5.1,166,5.0,5,2022
Lamar Jackson,46416,QB,BLT,1,76.0,25,32,10.1,3.07,2,1,3.1,59.4,19,0,15,0.0,35,0,7,3,80.6,65.1,60.1,68.9,0,1,37,1,6.7,71.6,2.9,1,2,0,5,1,1,2.7,174,5.4,5,2022
Josh Allen,46601,QB,BUF,1,72.4,29,31,14.9,2.53,2,4,12.5,64.5,20,0,6,4.8,34,1,17,4,78.7,88.7,86.0,68.6,0,1,35,0,0.0,134.1,0.0,0,3,0,0,4,1,2.9,424,13.7,5,2022
Jimmy Garoppolo,8697,QB,SF,1,70.4,27,30,8.6,2.54,3,1,3.0,60.0,18,0,11,5.3,32,1,12,28,78.7,70.1,67.2,66.4,0,0,36,1,18.2,109.4,6.3,2,0,0,0,2,1,2.8,253,8.4,5,2022
Derek Carr,8671,QB,LV,1,74.1,27,30,11.9,3.1,0,1,3.0,63.3,19,0,15,5.0,33,1,6,23,78.4,66.7,70.7,58.3,0,0,37,2,13.3,110.1,6.1,2,1,0,3,2,1,2.7,238,7.9,5,2022
Daniel Jones,39395,QB,NYG,1,88.0,25,27,5.6,2.7,1,0,0.0,77.8,21,0,13,4.5,31,1,14,21,28.8,69.8,70.5,65.1,0,0,33,1,7.7,100.2,3.2,1,3,0,1,0,1,3.0,217,8.0,5,2022
Geno Smith,7820,QB,SEA,1,75.0,24,25,13.3,3.24,0,5,17.2,64.0,16,0,11,11.1,30,2,10,29,78.3,91.3,91.0,61.4,0,0,34,0,27.3,139.5,10.0,3,2,0,1,3,1,2.9,267,10.7,5,2022
Ryan Tannehill,7014,QB,TEN,1,72.7,22,25,9.0,2.9,0,2,7.4,60.0,15,0,15,6.3,31,1,6,31,78.4,60.1,62.7,49.5,1,0,33,1,33.3,95.6,16.1,5,1,0,2,1,0,0.0,181,7.2,5,2022
Marcus Mariota,9435,QB,ATL,1,62.5,24,25,8.8,2.68,0,1,3.6,56.0,14,0,14,6.7,34,1,8,2,28.5,67.2,65.9,62.7,0,0,37,0,35.7,86.6,14.7,5,4,0,1,1,1,2.7,147,5.9,5,2022
Andy Dalton,6187,QB,NO,1,73.9,23,24,7.8,2.68,0,1,3.8,66.7,16,0,9,5.9,26,1,8,20,78.5,73.6,72.8,61.5,1,1,28,0,11.1,87.3,3.8,1,1,0,0,1,1,3.6,191,8.0,5,2022
Davis Mills,52269,QB,HST,1,78.3,23,24,5.3,2.16,1,0,0.0,66.7,16,0,9,11.1,25,2,6,13,77.1,64.4,67.8,55.8,0,0,26,1,11.1,81.9,4.0,1,0,0,0,0,0,0.0,140,5.8,5,2022
Justin Fields,82118,QB,CHI,1,85.0,20,21,8.9,3.18,1,1,4.3,71.4,15,1,13,11.8,29,2,13,6,26.8,77.9,56.2,92.4,0,0,32,2,15.4,118.8,6.9,2,6,0,0,1,2,6.3,208,9.9,5,2022
Bailey Zappe,60396,QB,NE,1,85.7,21,21,8.2,2.8,0,0,0.0,81.0,17,0,2,5.6,22,1,11,19,26.4,77.6,82.7,44.6,0,1,26,0,0.0,100.0,0.0,0,1,0,0,1,0,0.0,188,9.0,5,2022
Zach Wilson,82096,QB,NYJ,1,77.8,18,21,10.8,2.73,1,1,4.5,66.7,14,0,5,0.0,24,0,10,22,77.4,81.9,79.7,65.7,2,0,26,0,40.0,99.3,8.3,2,1,0,0,0,0,0.0,210,10.0,5,2022
Cooper Rush,12324,QB,DAL,1,73.3,15,16,7.4,2.07,0,0,0.0,62.5,10,0,10,9.1,19,1,4,9,24.5,62.9,63.5,56.2,1,0,19,0,30.0,80.7,15.8,3,0,0,0,0,1,5.3,102,6.4,5,2022
Phillip Walker,12134,QB,CAR,1,83.3,6,6,12.7,2.2,0,0,0.0,83.3,5,0,3,0.0,8,0,3,5,70.3,70.8,69.9,,0,0,8,0,66.7,108.3,25.0,2,0,0,0,0,0,0.0,60,10.0,5,2022
Case Keenum,7323,QB,BUF,1,40.0,5,5,6.4,1.88,0,0,0.0,40.0,2,0,0,0.0,5,0,0,4,70.2,28.6,28.6,60.0,0,0,5,0,,47.9,0.0,0,0,0,0,0,1,20.0,8,1.6,5,2022
Taysom Hill,12112,TE,NO,1,100.0,1,1,18.0,2.2,0,1,100.0,100.0,1,0,0,0.0,1,0,1,20,22.5,94.6,82.5,90.5,0,0,1,0,,158.3,0.0,0,0,0,0,1,0,0.0,22,22.0,5,2022
Teddy Bridgewater,8667,QB,MIA,1,,0,1,,2.0,0,0,0.0,0.0,0,0,1,,1,0,0,17,60.4,60.0,60.0,,0,0,1,1,0.0,39.6,0.0,0,0,0,1,0,0,0.0,0,0.0,5,2022
Justin Jefferson,61398,WR,MIN,1,100.0,1,1,-5.0,3.3,0,0,0.0,100.0,1,0,0,0.0,1,0,1,18,72.7,86.4,60.3,,0,0,1,0,,118.8,0.0,0,0,0,0,0,0,0.0,23,23.0,5,2022
Cooper Kupp,11824,WR,LA,1,0.0,1,1,25.0,3.3,0,0,0.0,0.0,0,0,1,,1,0,0,26,70.9,66.7,57.4,56.6,0,0,1,0,0.0,39.6,0.0,0,0,0,0,0,0,0.0,0,0.0,5,2022
Riley Dixon,10862,P,LA,1,100.0,1,1,6.0,2.1,0,0,0.0,100.0,1,0,0,0.0,1,0,1,26,60.4,70.7,67.2,,0,0,1,0,,116.7,0.0,0,0,0,0,0,0,0.0,12,12.0,5,2022
Matt Ryan,4317,QB,IND,1,82.7,52,58,5.7,2.37,2,1,1.6,72.4,42,0,18,2.3,58,1,22,14,82.1,74.2,74.6,59.6,1,0,64,1,0.0,107.6,0.0,0,0,0,3,3,0,0.0,389,6.7,6,2022
Justin Herbert,28237,QB,LAC,1,76.0,50,57,5.9,2.68,3,1,1.6,64.9,37,0,23,2.6,61,1,10,27,82.2,67.5,67.7,54.7,2,1,67,0,8.7,66.3,3.3,2,2,0,2,0,0,0.0,238,4.2,6,2022
Jacoby Brissett,10725,QB,CLV,1,63.4,41,45,13.3,2.73,1,3,6.3,46.7,21,0,17,19.2,49,5,12,8,32.3,57.4,57.8,58.2,0,2,52,0,23.5,54.5,8.2,4,0,0,3,1,5,9.6,266,5.9,6,2022
Jimmy Garoppolo,8697,QB,SF,1,77.5,40,41,7.6,2.73,1,3,7.0,70.7,29,0,14,6.5,42,2,15,28,29.7,63.9,61.4,67.7,0,2,45,0,0.0,87.0,0.0,0,1,0,0,2,2,4.4,296,7.2,6,2022
Aaron Rodgers,2241,QB,GB,1,75.0,40,41,9.0,2.63,0,3,6.7,63.4,26,0,15,13.3,45,4,9,12,80.1,64.7,67.0,60.0,1,0,49,1,26.7,88.1,8.9,4,0,0,0,1,1,2.0,246,6.0,6,2022
Josh Allen,46601,QB,BUF,1,77.1,35,40,8.1,2.74,3,6,14.6,67.5,27,0,16,0.0,45,0,19,4,81.1,90.6,86.3,78.6,0,0,46,0,6.3,117.6,2.2,1,4,0,2,3,1,2.2,329,8.2,6,2022
Tom Brady,698,QB,TB,1,72.2,36,40,7.6,2.31,0,3,7.0,62.5,25,0,9,3.8,42,1,11,30,79.8,70.6,70.1,59.7,0,0,45,0,22.2,87.8,4.8,2,0,1,3,1,0,0.0,243,6.1,6,2022
Patrick Mahomes,11765,QB,KC,1,73.5,34,40,6.2,3.11,2,2,4.3,62.5,25,0,22,0.0,47,0,18,16,80.8,69.6,67.9,65.0,2,2,53,0,13.6,85.2,6.4,3,4,0,2,2,2,3.8,338,8.5,6,2022
Cooper Rush,12324,QB,DAL,1,54.5,33,38,9.1,2.42,2,0,0.0,47.4,18,0,12,0.0,38,0,12,9,79.2,42.0,42.2,,2,3,41,0,0.0,37.3,0.0,0,0,0,1,1,3,7.3,181,4.8,6,2022
Kyler Murray,38334,QB,ARZ,1,70.6,34,37,9.4,2.85,1,1,2.7,62.2,23,0,16,4.2,47,1,11,1,33.8,59.2,52.7,72.5,1,1,47,0,37.5,67.6,12.8,6,4,0,1,0,3,6.4,222,6.0,6,2022
Joe Burrow,28022,QB,CIN,1,91.2,34,37,6.4,2.43,1,2,5.0,75.7,28,0,9,9.7,42,3,14,7,80.1,78.1,77.5,59.9,1,0,45,0,33.3,126.0,7.1,3,2,0,1,3,0,0.0,300,8.1,6,2022
Teddy Bridgewater,8667,QB,MIA,1,75.0,32,34,9.4,2.88,0,0,0.0,67.6,23,0,18,4.2,40,1,16,17,79.3,80.5,79.2,64.4,1,2,42,1,27.8,93.9,12.5,5,1,0,1,2,2,4.8,329,9.7,6,2022
Bailey Zappe,60396,QB,NE,1,80.6,31,34,6.3,2.6,0,0,0.0,70.6,24,0,13,4.0,36,1,14,19,79.5,73.2,75.7,60.5,0,0,40,2,15.4,118.4,5.6,2,0,0,3,2,0,0.0,309,9.1,6,2022
Matthew Stafford,4924,QB,LA,1,83.9,31,33,4.7,2.32,0,0,0.0,78.8,26,0,8,0.0,34,0,16,26,78.7,75.2,78.3,60.0,0,1,35,3,12.5,96.1,2.9,1,0,0,2,1,0,0.0,253,7.7,6,2022
Lamar Jackson,46416,QB,BLT,1,61.3,31,32,10.4,2.9,1,2,6.3,53.1,17,0,11,10.5,36,2,14,3,21.9,66.1,53.6,89.5,0,1,36,0,18.2,71.1,5.6,2,2,0,0,1,2,5.6,210,6.6,6,2022
Andy Dalton,6187,QB,NO,1,80.0,25,32,8.9,2.6,0,0,0.0,53.1,17,0,9,15.0,33,3,10,20,78.1,76.3,74.8,65.9,3,0,34,1,11.1,77.9,3.0,1,0,0,4,1,0,0.0,162,5.1,6,2022
Geno Smith,7820,QB,SEA,1,69.0,29,31,8.0,2.58,1,0,0.0,64.5,20,0,11,0.0,38,0,11,29,79.8,60.3,55.4,71.3,0,0,41,1,45.5,82.3,13.2,5,2,0,1,0,1,2.4,197,6.4,6,2022
Kirk Cousins,7102,QB,MIN,1,74.1,27,30,6.0,2.54,0,1,3.1,66.7,20,0,14,0.0,33,0,7,18,78.7,71.5,70.4,60.0,0,0,35,0,21.4,104.2,9.1,3,0,0,3,2,1,2.9,175,5.8,6,2022
Russell Wilson,7077,QB,DEN,1,65.2,23,28,11.0,3.0,1,0,0.0,53.6,15,0,12,0.0,34,0,8,10,78.9,58.9,56.9,63.7,1,0,36,0,33.3,86.8,11.8,4,2,0,3,1,0,0.0,189,6.8,6,2022
Justin Fields,82118,QB,CHI,1,62.5,24,27,11.7,3.63,1,1,3.6,51.9,14,0,24,6.7,42,1,12,6,80.0,58.1,55.5,65.8,2,1,45,1,20.8,71.5,11.9,5,10,0,0,1,1,2.2,190,7.0,6,2022
Daniel Jones,39395,QB,NYG,1,91.7,24,27,6.3,2.95,0,0,0.0,70.4,19,0,12,13.6,32,3,11,21,28.4,67.9,68.1,58.6,1,0,34,0,33.3,112.1,12.5,4,1,0,2,2,1,2.9,173,6.4,6,2022
Jalen Hurts,40291,QB,PHI,1,81.0,21,25,4.7,2.55,0,0,0.0,60.0,15,0,12,11.8,30,2,9,24,79.5,74.7,66.4,77.4,0,0,30,0,25.0,104.6,10.0,3,1,0,4,2,0,0.0,155,6.2,6,2022
Carson Wentz,10636,QB,WAS,1,71.4,21,22,6.5,2.25,1,1,4.0,54.5,12,0,5,20.0,25,3,5,32,77.5,56.6,55.4,56.6,0,0,28,1,60.0,66.3,12.0,3,0,0,0,0,0,0.0,99,4.5,6,2022
Trevor Lawrence,77632,QB,JAX,1,90.9,22,22,4.2,2.21,0,0,0.0,90.9,20,0,8,0.0,28,0,9,15,78.9,71.5,62.2,82.2,0,0,32,0,50.0,113.1,14.3,4,1,0,0,1,0,0.0,165,7.5,6,2022
Zach Wilson,82096,QB,NYJ,1,62.5,16,18,6.6,3.12,1,0,0.0,55.6,10,0,9,0.0,21,0,4,22,77.2,35.5,38.0,47.3,0,0,22,0,22.2,73.8,9.5,2,1,0,1,0,2,9.1,110,6.1,6,2022
Kenny Pickett,60515,QB,PIT,1,73.3,15,18,4.5,2.68,0,0,0.0,61.1,11,0,4,0.0,21,0,5,25,75.9,49.5,51.3,54.2,0,0,23,0,25.0,87.0,4.8,1,2,0,3,1,0,0.0,67,3.7,6,2022
Phillip Walker,12134,QB,CAR,1,73.3,15,16,0.5,1.82,1,0,0.0,62.5,10,0,2,9.1,18,1,3,5,74.9,45.7,45.5,57.8,0,0,18,1,50.0,69.8,5.6,1,1,0,0,0,0,0.0,60,3.8,6,2022
Marcus Mariota,9435,QB,ATL,1,92.9,14,14,6.1,2.39,0,0,0.0,92.9,13,0,3,0.0,17,0,8,2,76.6,83.2,74.6,79.3,0,0,19,0,66.7,144.6,11.8,2,1,0,0,2,0,0.0,129,9.2,6,2022
Skylar Thompson,60417,QB,MIA,1,81.8,11,13,10.6,2.67,1,1,6.3,53.8,7,0,6,22.2,15,2,4,17,74.5,89.3,85.6,63.9,1,0,18,0,16.7,75.5,6.7,1,1,0,0,0,0,0.0,89,6.8,6,2022
Mitchell Trubisky,11757,QB,PIT,1,81.8,11,12,10.6,2.73,1,0,0.0,75.0,9,0,4,0.0,13,0,6,25,75.5,78.8,75.2,68.8,0,0,13,0,25.0,142.4,7.7,1,0,0,0,1,0,0.0,144,12.0,6,2022
Jacob Eason,46444,QB,CAR,1,80.0,5,5,5.0,2.22,0,0,0.0,60.0,3,0,1,25.0,5,1,2,5,68.0,29.2,29.9,,0,1,5,0,0.0,61.7,0.0,0,0,0,0,0,1,20.0,59,11.8,6,2022
Taysom Hill,12112,TE,NO,1,66.7,3,4,17.7,2.6,0,0,0.0,50.0,2,0,1,0.0,4,0,2,20,72.0,62.9,56.7,68.5,0,0,4,0,0.0,60.4,0.0,0,0,0,1,0,0,0.0,16,4.0,6,2022
Jordan Love,40306,QB,GB,1,100.0,4,4,4.0,1.85,0,0,0.0,50.0,2,0,0,50.0,4,2,0,12,66.9,67.6,66.9,,0,0,4,0,,56.3,0.0,0,0,0,0,0,0,0.0,8,2.0,6,2022
